종류,코드,상품명,위험등급,취급시작,취급종료,판매,매칭,SEIBro확인,정식펀드명(SEIBro),SEIBro이름대조,협회표준코드,협회단축코드,KOFIA펀드명,KOFIA이름대조,대조결과,확인필요
펀드,KRZ501594756,우리위비개인MMF1호(국공채)C-Pe,—,2021-12-22,∞,Y,미매칭,존재,우리위비개인MMF1호(국공채)ClassC-Pe,일치(정규화),K55107DQ6774,DQ677,우리위비개인MMF1호(국공채)ClassC-Pe,일치(정규화),matched,
펀드,KRZ501056308,미래에셋개인전용MMF1호(국공채)C-P2e,—,2023-05-26,∞,Y,미매칭,존재,미래에셋개인전용MMF1호(국공채)종류C-P2e,일치(정규화),K55301BU4183,BU418,미래에셋개인전용MMF1호(국공채) 종류C-P2e,일치(정규화),matched,
펀드,KRZ501058234,한국투자신종법인용MMF3호(국공채)C-Re,—,2023-05-26,∞,Y,미매칭,존재,한국투자신종법인용MMF3호(국공채) 종류 C-Re,일치(정규화),K55101CF1577,CF157,한국투자신종법인용MMF3호(국공채)(C-Re),일치(정규화),matched_marker,Y
펀드,KRZ50194044E,유진챔피언단기채증권자투자신탁(채권)C-Pe2,—,2017-09-08,∞,Y,미매칭,존재,유진챔피언단기채증권자투자신탁(채권) Class C-Pe2,일치(정규화),K55214BU9535,BU953,유진챔피언단기채증권자투자신탁(채권) Class C-Pe2,일치(정규화),matched,
펀드,KRZ50157036C,AB글로벌고수익증권투자신탁(채권-재간접형)Ce-P2,—,2017-09-08,∞,Y,미매칭,존재,AB글로벌고수익증권투자신탁(채권-재간접형) 종류형 Ce-P2,유사,K55370BU1987,BU198,AB글로벌고수익증권투자신탁(채권-재간접형)종류형Ce-P2,유사,matched,
펀드,KRZ50179061A,피델리티유럽하이일드증권자투자신탁(채권-재간접형)CP-e,—,2017-11-17,∞,Y,미매칭,존재,피델리티 유럽 하이일드 증권 자투자신탁 (채권-재간접형) 종류 CP-e,일치(정규화),K55235BY9494,BY949,피델리티유럽하이일드증권자투자신탁(채권-재간접형)종류CP-e,일치(정규화),matched,
펀드,KRZ50163323B,우리PIMCO분산투자증권자투자신탁[채권_재간접형](H)Pe1,—,2018-01-29,∞,Y,미매칭,존재,우리 PIMCO분산투자증권자투자신탁[채권_재간접형](H) CLASS Pe1,일치(정규화),K55228BT5316,BT531,우리 PIMCO분산투자증권자투자신탁[채권_재간접형](H)Class Pe1,일치(정규화),matched_loose,Y
펀드,KRZ502201218,하나PIMCO글로벌인컴혼합자산자투자신탁(H)[재간접형]C-P2E,—,2018-03-12,∞,Y,미매칭,존재,하나 PIMCO글로벌인컴혼합자산자투자신탁(H)[재간접형] 종류 C-P2E,일치(정규화),K55102C13390,C1339,하나PIMCO글로벌인컴혼합자산자투자신탁(H)[재간접형]ClassC-P2E,일치(정규화),matched_marker,Y
펀드,KRZ501711013,미래에셋퇴직플랜글로벌다이나믹증권자투자신탁1호(채권)C-P2e,—,2018-06-20,∞,Y,미매칭,존재,미래에셋퇴직플랜글로벌다이나믹증권자투자신탁1호(채권) 종류C-P2e,일치(정규화),K55301BT7965,BT796,미래에셋퇴직플랜글로벌다이나믹증권자투자신탁1호(채권)종류C-P2e,일치(정규화),matched,
펀드,KRZ501206303,미래에셋퇴직플랜증권자투자신탁1호(채권)C-P2e,—,2018-06-22,∞,Y,미매칭,존재,미래에셋퇴직플랜증권자투자신탁1호(채권) 종류 C-P2e,일치(정규화),K55301BU3011,BU301,미래에셋퇴직플랜증권자투자신탁1호(채권)종류C-P2e,일치(정규화),matched,
펀드,KRZ501859984,한화연금단기하이일드증권자투자신탁(채권)P-E,—,2018-07-23,∞,Y,미매칭,존재,한화연금단기하이일드증권 자투자신탁(채권) P - E 클래스,일치(정규화),K55237BU5643,BU564,한화연금단기하이일드증권 자투자신탁(채권) P - E 클래스,일치(정규화),matched,
펀드,KRZ50152883C,한화코리아밸류채권증권자투자신탁[채권]C-RPe,—,2018-07-23,∞,Y,미매칭,존재,한화코리아밸류채권증권 자투자신탁(채권) 종류C-RPe(퇴직연금),일치(정규화),K55213BU7688,BU768,한화코리아밸류채권증권 자투자신탁(채권) 종류C-RPe(퇴직연금),일치(정규화),matched,
펀드,KRZ50122199C,한화내일받는단기국공채증권자투자신탁(채권)C-RPe(퇴직연금),—,2018-07-23,∞,Y,미매칭,존재,한화내일받는단기국공채증권 자투자신탁(채권) 종류C-RPe(퇴직연금),일치(정규화),K55213BU7399,BU739,한화내일받는단기국공채증권 자투자신탁(채권) C-RPe(퇴직연금),일치(정규화),matched_marker,Y
펀드,KRZ50203550E,한국투자단기채플러스ESG증권투자신탁[채권]C-Re,—,2018-07-23,∞,Y,미매칭,존재,한국투자단기채플러스ESG증권투자신탁(채권) 종류C-Re,일치(정규화),K55101BT7272,BT727,한국투자단기채플러스ESG증권투자신탁(채권)(C-Re),일치(정규화),matched_marker,Y
펀드,KRZ50115906D,우리하이플러스채권증권자투자신탁1호(채권)C-Pe,—,2018-07-25,∞,Y,미매칭,존재,우리하이플러스채권증권자투자신탁1호(채권)ClassC-Pe,일치(정규화),K55107BU0245,BU024,우리하이플러스채권증권자투자신탁1호(채권)ClassC-Pe,일치(정규화),matched,
펀드,KRZ50163311B,우리PIMCO글로벌투자등급증권자투자신탁[채권_재간접형](H)Pe1,—,2018-07-31,∞,Y,미매칭,존재,우리 PIMCO글로벌투자등급증권자투자신탁[채권_재간접형](H) CLASS Pe1,일치(정규화),K55228BT5050,BT505,우리 PIMCO글로벌투자등급자투자신탁[채권_재간접형](H)Class Pe1,유사,matched_anagram,Y
펀드,KRZ50204031C,우리단기채권증권투자신탁(채권)C-Pe,—,2018-08-01,∞,Y,미매칭,존재,우리단기채권증권투자신탁(채권)ClassC-Pe,일치(정규화),K55107BU0146,BU014,우리단기채권증권투자신탁(채권)ClassC-Pe,일치(정규화),matched,
펀드,KRZ501643563,미래에셋퇴직플랜글로벌다이나믹50증권자투자신탁1(채권)C-P2e,—,2018-08-27,∞,Y,미매칭,존재,미래에셋퇴직플랜글로벌다이나믹50증권자투자신탁1호(채권) 종류C-P2e,유사,K55301BV2632,BV263,미래에셋퇴직플랜글로벌다이나믹50증권자투자신탁1호(채권)종류C-P2e,유사,matched,
펀드,KRZ501204983,삼성퇴직연금중기국공채증권자투자신탁[채권]Ce,—,2018-09-03,∞,Y,미매칭,존재,삼성퇴직연금중기국공채증권자투자신탁[채권]_Ce,일치(정규화),K55105BT4549,BT454,삼성퇴직연금중기국공채증권자투자신탁[채권]_Ce,일치(정규화),matched,
펀드,KRZ50195788E,삼성누버거버먼글로벌인컴증권자투자신탁H[채권-재간접형]Cpe,—,2018-09-03,∞,Y,미매칭,존재,삼성누버거버먼글로벌인컴증권자투자신탁H[채권-재간접형]_Cpe(퇴직연금),일치(정규화),K55105BW6705,BW670,삼성누버거버먼글로벌인컴증권자투자신탁H[채권-재간접형]_Cpe(퇴직연금),일치(정규화),matched,
펀드,KRZ50162489B,피델리티이머징마켓증권자투자신탁(채권-재간접형)CP-e,—,2018-10-12,∞,Y,미매칭,존재,피델리티 이머징 마켓 증권 자투자신탁 (채권-재간접형) 종류 CP-e,일치(정규화),K55235BY9403,BY940,피델리티이머징마켓증권자투자신탁CP-e(채권-재간접형),유사,matched_anagram,Y
펀드,KRZ50225980C,유진챔피언중단기채증권자투자신탁(채권)C-Re,—,2018-10-29,∞,Y,미매칭,존재,유진챔피언중단기채증권자투자신탁(채권) Class C-Re,일치(정규화),K55214CD4825,CD482,유진챔피언중단기채증권자투자신탁(채권) Class C-Re,일치(정규화),matched,
펀드,KRZ501662742,카디안퇴직연금코리아채권증권자투자신탁[채권]C-E,—,2018-11-21,∞,Y,미매칭,존재,카디안 퇴직연금코리아채권증권자투자신탁[채권] 클래스 C-E,일치(정규화),K55229BU6989,BU698,카디안 퇴직연금코리아채권증권자투자신탁[채권] 클래스 C-E,일치(정규화),matched,
펀드,KRZ50221112D,삼성누버거버먼이머징단기채권증권자투자신탁H[채권-재간접형]Cpe,—,2019-01-29,∞,Y,미매칭,존재,삼성누버거버먼이머징단기채권증권자투자신탁H[채권-재간접형]_Cpe(퇴직연금),일치(정규화),K55105C31395,C3139,삼성누버거버먼이머징단기채권증권자투자신탁H[채권-재간접형]_Cpe(퇴직연금),일치(정규화),matched,
펀드,KRZ50221114D,삼성누버거버먼이머징단기채권증권자투자신탁UH[채권-재간접형]Cpe,—,2019-01-29,∞,Y,미매칭,존재,삼성누버거버먼이머징단기채권증권자투자신탁UH[채권-재간접형]_Cpe(퇴직연금),일치(정규화),K55105C31577,C3157,삼성누버거버먼이머징단기채권증권자투자신탁UH[채권-재간접형]_Cpe(퇴직연금),일치(정규화),matched,
펀드,KRZ501889385,카디안미국뱅크론특별자산자투자신탁(H)[대출채권-재간접]C-P(퇴직연금)E,—,2019-01-30,∞,Y,미매칭,존재,카디안 미국뱅크론특별자산자투자신탁(H)[대출채권-재간접형]클래스C-P(퇴직연금)E,유사,K55229BU8977,BU897,카디안 미국뱅크론특별자산 자투자신탁(H)[대출채권-재간접형] 클래스C-P(퇴직연금)E,유사,matched,
펀드,KRZ501927892,흥국퇴직연금멀티크레딧증권자투자신탁[채권]C-e,—,2019-11-12,∞,Y,미매칭,존재,흥국퇴직연금멀티크레딧증권자투자신탁[채권]C-e,일치(정규화),K55224BT5377,BT537,흥국퇴직연금멀티크레딧증권자투자신탁[채권]C-e,일치(정규화),matched,
펀드,KRZ50218891C,한국투자TIF알아서평생소득증권자투자신탁(채권-재간접형)(C-Re),—,2019-12-03,∞,Y,미매칭,존재,한국투자TIF알아서평생소득증권자투자신탁(채권-재간접형) 종류 C-Re,일치(정규화),K55101BY4785,BY478,한국투자TIF알아서평생소득증권자투자신탁(채권-재간접형)(C-Re),일치(정규화),matched_marker,Y
펀드,KRZ50163316B,우리PIMCO토탈리턴증권자투자신탁[채권_재간접형](H)Pe1,—,2020-04-07,∞,Y,미매칭,존재,우리 PIMCO 토탈 리턴 증권 자투자신탁[채권_재간접형](H) CLASS Pe1,일치(정규화),K55228BT5159,BT515,우리 PIMCO토탈리턴증권자투자신탁[채권_재간접형](H)Class Pe1,일치(정규화),matched_loose,Y
펀드,KRZ501529959,한국투자크레딧포커스ESG증권자투자신탁1호(채권)C-Re,—,2020-07-02,∞,Y,미매칭,존재,한국투자크레딧포커스ESG증권자투자신탁1호(채권) 종류C-Re,일치(정규화),K55101BV9571,BV957,한국투자크레딧포커스ESG증권자투자신탁1호(채권)(C-Re),일치(정규화),matched_marker,Y
펀드,KRZ50140331B,우리하이플러스국공채증권자투자신탁1호(국공채)Class C-Pe,—,2020-12-28,∞,Y,미매칭,존재,우리하이플러스국공채증권자투자신탁1호(국공채)ClassC-Pe,일치(정규화),K55107C05189,C0518,우리하이플러스국공채증권자투자신탁1호(국공채)ClassC-Pe,일치(정규화),matched,
펀드,KRZ50167380B,우리나라중단기ESG채권증권자투자신탁1호(채권)C-Pe,—,2020-12-28,∞,Y,미매칭,존재,우리나라중단기ESG채권증권자투자신탁1호(채권)ClassC-Pe,일치(정규화),K55107CC0337,CC033,우리나라중단기ESG채권증권자투자신탁1호(채권)ClassC-Pe,일치(정규화),matched,
펀드,KRZ50192004D,NH-Amundi국채10년인덱스증권자투자신탁[채권]C-P2e,—,2021-11-03,∞,Y,미매칭,존재,NH-Amundi 국채10년 인덱스 증권자투자신탁[채권] Class C-P2e(퇴직연금),일치(정규화),K55232BU5747,BU574,NH-Amundi 국채10년 인덱스 증권자투자신탁[채권]Class C-P2e(퇴직연금),일치(정규화),matched,
펀드,KRZ502382238,피델리티미달러채권증권자투자신탁H(채권-재간접형)CP-e,—,2022-02-08,∞,Y,미매칭,존재,피델리티 미달러 채권 증권 자투자신탁 H (채권-재간접형) 종류 CP-e,일치(정규화),K55235CX0964,CX096,피델리티미달러채권증권자투자신탁H(채권-재간접형)종류CP-e,일치(정규화),matched,
펀드,KRZ502327879,하나PIMCO글로벌분산투자증권자투자신탁(채권-재간접형)C-P2E,—,2022-02-08,∞,Y,미매칭,존재,하나 PIMCO글로벌분산투자증권자투자신탁[채권-재간접형] 종류C-P2E,일치(정규화),K55102CO3506,CO350,하나PIMCO글로벌분산투자증권자투자신탁[채권-재간접형]ClassC-P2E,일치(정규화),matched_marker,Y
펀드,KRZ502287699,하나PIMCO글로벌투자등급증권자투자신탁(채권-재간접형)C-P2E,—,2022-02-08,∞,Y,미매칭,존재,하나 PIMCO글로벌투자등급증권자투자신탁[채권-재간접형] 종류 C-P2E,일치(정규화),K55102CI0682,CI068,하나PIMCO글로벌투자등급증권자투자신탁[채권-재간접형]ClassC-P2E,일치(정규화),matched_marker,Y
펀드,KRZ50187148D,키움단기국공채증권자투자신탁제1호[채권]C-P2e,—,2023-02-13,∞,Y,미매칭,존재,키움 단기 국공채 증권 자투자신탁 제1호[채권] Class C-P2e(퇴직연금),일치(정규화),K55206DW2460,DW246,키움단기국공채증권자투자신탁제1호[채권]C-P2e(퇴직연금),일치(정규화),matched_marker,Y
펀드,KRZ50219450C,키움더드림단기채증권투자신탁[채권]C-P2e,—,2023-02-13,∞,Y,미매칭,존재,키움더드림단기채증권투자신탁[채권] Class C-P2e(퇴직연금),일치(정규화),K55206C11286,C1128,키움더드림단기채증권투자신탁[채권]C-P2e(퇴직연금),일치(정규화),matched_marker,Y
펀드,KRZ50115899E,삼성ABF코리아장기채권인덱스증권투자신탁[채권]Cpe,—,2023-02-24,∞,Y,미매칭,존재,삼성ABF코리아장기채권인덱스증권투자신탁[채권](Cpe(퇴직연금)),일치(정규화),K55105BT4671,BT467,삼성ABF코리아장기채권인덱스증권투자신탁[채권](Cpe(퇴직연금)),일치(정규화),matched,
펀드,KRZ502533199,코레이트초단기금리혼합자산투자신탁C-P2e,—,2023-06-19,∞,Y,미매칭,존재,코레이트초단기금리혼합자산투자신탁_C-P2e,일치(정규화),K55310DZ1355,DZ135,코레이트초단기금리혼합자산투자신탁_C-P2e,일치(정규화),matched,
펀드,KRZ50153286D,미래에셋솔로몬장기국공채증권자투자신탁1호(채권)C-P2e,—,2024-02-27,∞,Y,미매칭,존재,미래에셋솔로몬장기국공채증권자투자신탁1호(채권) 종류 C-P2e,일치(정규화),K55301C33560,C3356,미래에셋솔로몬장기국공채증권자투자신탁1호(채권)종류C-P2e,일치(정규화),matched,
펀드,KRZ50109872F,KB스타중기국공채증권자투자신탁(채권)C-퇴직e,—,2024-02-27,∞,Y,미매칭,존재,KB스타 중기 국공채 증권 자투자신탁(채권) C-퇴직e 클래스,일치(정규화),K55223CG9861,CG986,KB스타 중기 국공채 증권 자투자신탁(채권) C-퇴직e 클래스,일치(정규화),matched,
펀드,KRZ50252710D,다올JP모건글로벌투자적격등급회사채증권자투자신탁(H)[채권-재간접형]CPe,—,2024-02-27,∞,Y,미매칭,존재,다올JP모건글로벌투자적격등급회사채증권자투자신탁(H)[채권-재간접형] 종류CPe,일치(정규화),K55306DW8466,DW846,다올JP모건글로벌투자적격등급회사채증권자투자신탁(H)[채권-재간접형]종류CPe,일치(정규화),matched,
펀드,KRZ50252715D,다올JP모건글로벌투자적격등급회사채증권자투자신탁(UH)[채권-재간접형]CPe,—,2024-02-27,∞,Y,미매칭,존재,다올JP모건글로벌투자적격등급회사채증권자투자신탁(UH)[채권-재간접형] 종류CPe,일치(정규화),K55306DW8649,DW864,다올JP모건글로벌투자적격등급회사채증권자투자신탁(UH)[채권-재간접형]종류CPe,일치(정규화),matched,
펀드,KRZ50258659B,우리나라초단기채권증권투자신탁[채권]C-Pe,—,2024-05-21,∞,Y,미매칭,존재,우리나라초단기채권증권투자신탁[채권]ClassC-Pe,일치(정규화),K55107EA9205,EA920,우리나라초단기채권증권투자신탁[채권]ClassC-Pe,일치(정규화),matched,
펀드,KRZ50126893G,교보악사Tomorrow장기우량증권투자신탁K-1호(채권)C-Pe,—,2024-08-28,∞,Y,미매칭,존재,교보악사 Tomorrow 장기우량 증권투자신탁 K-1호(채권) Class C-Pe,일치(정규화),K55207BU0681,BU068,교보악사Tomorrow장기우량증권투자신탁K-1호(채권)ClassC-Pe,일치(정규화),matched,
펀드,KRZ502546839,하나크레딧플러스증권자투자신탁[채권]C-P2E,—,2024-08-28,∞,Y,미매칭,존재,하나크레딧플러스증권자투자신탁[채권]ClassC-P2E,일치(정규화),K55102DR3015,DR301,하나크레딧플러스증권자투자신탁[채권]ClassC-P2E,일치(정규화),matched,
펀드,KRZ50232086D,미래에셋달러우량중장기채권증권자투자신탁(H)(채권)C-P2e,—,2024-08-28,∞,Y,미매칭,존재,미래에셋달러우량중장기채권증권자투자신탁(H)(채권) 종류C-P2e,일치(정규화),K55301CM1311,CM131,미래에셋달러우량중장기채권증권자투자신탁(H)(채권) 종류C-P2e,일치(정규화),matched,
펀드,KRZ50232089D,미래에셋달러우량중장기채권증권자투자신탁(UH)(채권)C-P2e,—,2024-08-28,∞,Y,미매칭,존재,미래에셋달러우량중장기채권증권자투자신탁(UH)(채권) 종류C-P2e,일치(정규화),K55301CM1170,CM117,미래에셋달러우량중장기채권증권자투자신탁(UH)(채권) 종류C-P2e,일치(정규화),matched,
펀드,KRZ50208203E,삼성누버거버먼이머징국공채플러스증권자투자신탁H[채권-재간접형]Cpe,—,2024-11-26,∞,Y,미매칭,존재,삼성누버거버먼이머징국공채플러스증권자투자신탁H[채권-재간접형]_Cpe(퇴직연금),일치(정규화),K55105BT7658,BT765,삼성누버거버먼이머징국공채플러스증권자투자신탁H[채권-재간접형]_Cpe(퇴직연금),일치(정규화),matched,
펀드,KRZ50208205E,삼성누버거버먼이머징국공채플러스증권자투자신탁UH[채권-재간접형]Cpe,—,2024-11-26,∞,Y,미매칭,존재,삼성누버거버먼이머징국공채플러스증권자투자신탁UH[채권-재간접형]_Cpe(퇴직연금),일치(정규화),K55105BT7674,BT767,삼성누버거버먼이머징국공채플러스증권자투자신탁UH[채권-재간접형]_Cpe(퇴직연금),일치(정규화),matched,
펀드,KRZ50237399A,흥국중기국공채증권투자신탁[채권]C-p2e,—,2025-06-27,∞,Y,미매칭,존재,흥국중기국공채증권투자신탁[채권]C-p2e,일치(정규화),K55224EJ9170,EJ917,흥국중기국공채증권투자신탁[채권]C-p2e,일치(정규화),matched,
펀드,KRZ50261358E,KB미국중단기국채증권자투자신탁(채권-재간접형)(H)C-퇴직e,—,2025-07-18,∞,Y,미매칭,존재,KB 미국 중단기국채 증권 자투자신탁(채권-재간접형)(H) C-퇴직e,일치(정규화),K55223EF6965,EF696,KB 미국 중단기국채 증권 자투자신탁(채권-재간접형)(H) C-퇴직e,일치(정규화),matched,
펀드,KRZ50261359E,KB미국중단기국채증권자투자신탁(채권-재간접형)(UH)C-퇴직e,—,2025-07-18,∞,Y,미매칭,존재,KB 미국 중단기국채 증권 자투자신탁(채권-재간접형)(UH) C-퇴직e,일치(정규화),K55223EF7120,EF712,KB 미국 중단기국채 증권 자투자신탁(채권-재간접형)(UH) C-퇴직e,일치(정규화),matched,
펀드,KRZ501776852,트러스톤장기성장퇴직연금증권자투자신탁[주식]Ce,—,2017-09-08,∞,Y,미매칭,존재,트러스톤장기성장퇴직연금증권자투자신탁[주식] Ce클래스,일치(정규화),KR5363AC3714,AC371,트러스톤장기성장퇴직연금증권자투자신탁[주식]Ce클래스,일치(정규화),matched,
펀드,KRZ50153689G,교보악사파워인덱스증권자투자신탁1호(주식)C-Pe,—,2017-09-27,∞,Y,미매칭,존재,교보악사 파워인덱스 증권 자투자신탁 1호(주식) Class C-Pe,일치(정규화),K55207BU0715,BU071,교보악사파워인덱스증권자투자신탁1호(주식)ClassC-Pe,일치(정규화),matched,
펀드,KRZ50201828K,삼성글로벌선진국증권자투자신탁H[주식]Cpe(퇴직연금),—,2017-12-21,∞,Y,미매칭,존재,삼성글로벌선진국증권자투자신탁H[주식]_Cpe(퇴직연금),일치(정규화),K55105BV0535,BV053,삼성글로벌선진국증권자투자신탁H[주식]_Cpe(퇴직연금),일치(정규화),matched,
펀드,KRZ50161476F,AB미국그로스증권투자신탁(주식-재간접형)Ce-P2,—,2017-12-21,∞,Y,미매칭,존재,AB 미국 그로스 증권투자신탁(주식-재간접형) 종류형 Ce-P2,유사,K55370BU1789,BU178,AB미국그로스증권투자신탁(주식-재간접형)종류형Ce-P2,유사,matched,
펀드,KRZ50135547G,피델리티아시아증권자투자신탁(주식)CP-e,—,2018-01-15,∞,Y,미매칭,존재,피델리티 아시아 증권 자투자신탁 (주식) 종류 CP-e,일치(정규화),K55235BW6799,BW679,피델리티아시아증권자투자신탁CP-e(주식),유사,matched_anagram,Y
펀드,KRZ501205032,삼성퇴직연금KOSPI200증권자투자신탁1[주식]Ce,—,2018-01-15,∞,Y,미매칭,존재,삼성퇴직연금KOSPI200증권자투자신탁 제1호[주식]_Ce,유사,K55105BU5998,BU599,삼성퇴직연금KOSPI200증권자투자신탁 제1호[주식]_Ce,유사,matched,
펀드,KRZ50198803K,피델리티글로벌테크놀로지증권자투자신탁(주식-재간접형)CP-e,—,2018-01-23,∞,Y,미매칭,존재,피델리티 글로벌 테크놀로지 증권 자투자신탁 (주식-재간접형) 종류 CP-e,일치(정규화),K55235BW6898,BW689,피델리티글로벌테크놀로지증권자투자신탁(주식-재간접형)종류CP-e,일치(정규화),matched,
펀드,KRZ50135482A,키움글로벌인덱스증권자투자신탁제1호[주식-재간접형]C-P2e(퇴직연금),—,2018-02-27,∞,Y,미매칭,존재,키움 글로벌인덱스 증권 자투자신탁 제1호[주식-재간접형] Class C-P2e(퇴직연금),일치(정규화),K55206C39980,C3998,키움글로벌인덱스증권자투자신탁제1호[주식-재간접형] C-P2e(퇴직연금),일치(정규화),matched_marker,Y
펀드,KRZ50150806G,한화중국본토증권자투자신탁H(주식)C-RPe(퇴직연금),—,2018-03-21,∞,Y,미매칭,존재,한화중국본토증권 자투자신탁 H(주식) 종류 C-RPe(퇴직연금),일치(정규화),K55213BX5796,BX579,한화중국본토증권 자투자신탁 H(주식) 종류C-RPe(퇴직연금),일치(정규화),matched,
펀드,KRZ501957455,미래에셋연금인디아업종대표증권자투자신탁1호(주식)C-P2e,—,2018-03-29,∞,Y,미매칭,존재,미래에셋연금인디아업종대표증권자투자신탁1호(주식) 종류C-P2e,일치(정규화),K55301BV2426,BV242,미래에셋연금인디아업종대표증권자투자신탁1호(주식)종류C-P2e,일치(정규화),matched,
펀드,KRZ50207638C,베어링고배당증권자투자신탁(주식)C-P2e,—,2018-03-29,∞,Y,미매칭,존재,베어링 고배당 증권자투자신탁(주식) Class C-P2e,일치(정규화),K55302BU0040,BU004,베어링고배당증권자투자신탁(주식)ClassC-P2e,일치(정규화),matched,
펀드,KRZ50107830D,한국투자다시성장코리아증권자투자신탁1호[주식]C-Re,—,2018-04-11,∞,Y,미매칭,존재,한국투자다시성장코리아증권자투자신탁1호(주식) Class C-Re,일치(정규화),K55101BV0984,BV098,한국투자다시성장코리아증권자투자신탁1호(주식)(C-Re),일치(정규화),matched_marker,Y
펀드,KRZ501935775,에셋플러스차이나리치투게더퇴직연금증권자투자신탁1호(주식)Ce,—,2018-04-16,∞,Y,미매칭,존재,에셋플러스 차이나리치투게더 퇴직연금 증권 자투자신탁1호[주식] 종류Ce,일치(정규화),K55364BU0813,BU081,에셋플러스 차이나리치투게더 퇴직연금증권자투자신탁1호[주식] 종류Ce,일치(정규화),matched,
펀드,KRZ501935745,에셋플러스코리아리치투게더퇴직연금증권자투자신탁1호(주식)Ce,—,2018-04-16,∞,Y,미매칭,존재,에셋플러스 코리아리치투게더 퇴직연금 증권 자투자신탁1호[주식] 종류Ce,일치(정규화),K55364BU0797,BU079,에셋플러스 코리아리치투게더 퇴직연금증권자투자신탁1호[주식] 종류Ce,일치(정규화),matched,
펀드,KRZ501935795,에셋플러스글로벌리치투게더퇴직연금증권자투자신탁1호[주식]Ce,—,2018-04-16,∞,Y,미매칭,존재,에셋플러스 글로벌리치투게더 퇴직연금 증권 자투자신탁1호[주식] 종류Ce,일치(정규화),K55364BU0854,BU085,에셋플러스 글로벌리치투게더 퇴직연금증권자투자신탁1호[주식] 종류Ce,일치(정규화),matched,
펀드,KRZ501212344,한국투자퇴직연금한국의힘증권자투자신탁1호(주식)C-e,—,2018-04-23,∞,Y,미매칭,존재,한국투자퇴직연금한국의힘증권자투자신탁1호(주식) C-e 클래스,일치(정규화),K55101BU1595,BU159,한국투자퇴직연금한국의힘증권자투자신탁1호(주식)(C-e),일치(정규화),matched_marker,Y
펀드,KRZ50193244G,삼성누버거버먼차이나증권자투자신탁H[주식-재간접형]Cpe(퇴직연금),—,2018-04-23,∞,Y,미매칭,존재,삼성누버거버먼차이나증권자투자신탁H[주식-재간접형]_Cpe(퇴직연금),일치(정규화),K55105BV3695,BV369,삼성누버거버먼차이나증권자투자신탁H[주식-재간접형]_Cpe(퇴직연금),일치(정규화),matched,
펀드,KRZ50178054J,BNK튼튼배당증권자투자신탁1(주식)C-P2e,—,2018-05-17,∞,Y,미매칭,존재,BNK튼튼배당증권자투자신탁1호(주식) Class C-P2e,유사,K55240BY8325,BY832,BNK튼튼배당증권자투자신탁1호(주식) Class C-P2e,유사,matched,
펀드,KRZ501464573,신영퇴직연금배당주식증권자투자신탁(주식)C-E,—,2018-06-21,∞,Y,미매칭,존재,신영퇴직연금배당주식 증권 자투자신탁(주식) C-E형,유사,K55209BT8990,BT899,신영퇴직연금배당주식증권자투자신탁(주식) C-E형,유사,matched,
펀드,KRZ501204223,카디안퇴직연금업종일등증권자투자신탁[주식]C-E,—,2018-06-21,∞,Y,미매칭,존재,카디안 퇴직연금업종일등증권자투자신탁[주식] 클래스 C-E,일치(정규화),K55229BU6559,BU655,카디안 퇴직연금업종일등증권자투자신탁[주식] 클래스 C-E,일치(정규화),matched,
펀드,KRZ50180137J,피델리티글로벌배당인컴증권자투자신탁(주식-재간접형)CP-e,—,2018-06-22,∞,Y,미매칭,존재,피델리티 글로벌 배당 인컴 증권 자투자신탁 (주식-재간접형) CP-e,일치(정규화),K55235BW6864,BW686,피델리티글로벌배당인컴증권자투자신탁(주식-재간접형)종류CP-e,일치(정규화),matched_marker,Y
펀드,KRZ501498212,피델리티퇴직연금글로벌증권자투자신탁CP(주식-재간접형)CP-e,—,2018-06-22,∞,Y,미매칭,존재,피델리티 퇴직연금 글로벌 증권 자투자신탁 CP (주식-재간접형) 종류 CP-e,일치(정규화),K55235BY9361,BY936,피델리티퇴직연금글로벌증권자투자신탁CP(주식-재간접형)종류CP-e,일치(정규화),matched,
펀드,KRZ50125540E,한화글로벌헬스케어증권자투자신탁[주식]RPe,—,2018-07-23,∞,Y,미매칭,존재,한화글로벌헬스케어증권 자투자신탁(주식) 종류RPe(퇴직연금),일치(정규화),K55213BU6698,BU669,한화글로벌헬스케어증권 자투자신탁(주식) 종류RPe(퇴직연금),일치(정규화),matched,
펀드,KRZ501212332,한국투자퇴직연금마이스터증권자투자신탁1호(주식)C-e,—,2018-07-24,∞,Y,미매칭,존재,한국투자퇴직연금마이스터증권자투자신탁1호(주식) 종류 C-e,일치(정규화),K55101BW5024,BW502,한국투자퇴직연금마이스터증권자투자신탁1호(주식)(C-e),일치(정규화),matched_marker,Y
펀드,KRZ502048758,한국투자연금베트남그로스증권자투자신탁(주식)C-Re,—,2018-07-24,∞,Y,미매칭,존재,한국투자연금베트남그로스증권자투자신탁(주식) 종류 C-Re,일치(정규화),K55101BT7462,BT746,한국투자연금베트남그로스증권자투자신탁(주식)(C-Re),일치(정규화),matched_marker,Y
펀드,KRZ50132367G,하나글로벌인프라증권자투자신탁[주식]C-P2E,—,2018-07-27,∞,Y,미매칭,존재,하나 글로벌인프라 증권 자투자신탁[주식] 종류C-P2E,일치(정규화),K55102BU0349,BU034,하나글로벌인프라증권자투자신탁[주식]ClassC-P2E,일치(정규화),matched_marker,Y
펀드,KRZ50191851F,하나미국토탈일드증권자투자신탁[주식-재간접형]C-P2E,—,2018-07-27,∞,Y,미매칭,존재,하나 미국토탈일드증권자투자신탁 [주식-재간접형]종류C-P2E,일치(정규화),K55102BU0356,BU035,하나미국토탈일드증권자투자신탁[주식-재간접형]Class C-P2E,일치(정규화),matched_marker,Y
펀드,KRZ501017809,신영마라톤증권자투자신탁(주식)C-P2e,—,2018-07-30,∞,Y,미매칭,존재,신영마라톤 증권 자투자신탁(주식) C-P2e,일치(정규화),K55209BT8958,BT895,신영마라톤증권자투자신탁(주식) C-P2e형,유사,matched_anagram,Y
펀드,KRZ50159385L,DB바이오헬스케어증권자투자신탁제1호[주식]C-P2E,—,2018-08-13,∞,Y,미매칭,존재,DB바이오헬스케어증권자투자신탁 제1호[주식] Class C-P2E,일치(정규화),K55216BT3877,BT387,DB바이오헬스케어증권자투자신탁제1호[주식]ClassC-P2E,일치(정규화),matched,
펀드,KRZ50202663J,KCGI글로벌헬스케어증권투자신탁[주식]C-Pe2,—,2018-08-16,∞,Y,미매칭,존재,KCGI글로벌헬스케어증권투자신탁[주식]종류C-Pe2,일치(정규화),K55365BT3652,BT365,KCGI글로벌헬스케어증권투자신탁[주식]종류C-Pe2,일치(정규화),matched,
펀드,KRZ50152112K,iM에셋월드골드증권자투자신탁(주식-재간접형)(H)C-Rpe,—,2018-08-21,∞,Y,미매칭,존재,iM에셋 월드골드 증권 자투자신탁(주식-재간접형)(H) 종류 C-Rpe,일치(정규화),K55366BT9674,BT967,iM에셋월드골드증권자투자신탁(주식-재간접형)(H)(C-Rpe),일치(정규화),matched_marker,Y
펀드,KRZ501863993,미래에셋퇴직플랜글로벌그레이트컨슈머증권자투자신탁1호(주식)C-P2e,—,2018-08-23,∞,Y,미매칭,존재,미래에셋퇴직플랜글로벌그레이트컨슈머증권자투자신탁1호(주식) 종류C-P2e,일치(정규화),K55301BV3077,BV307,미래에셋퇴직플랜글로벌그레이트컨슈머증권자투자신탁1호(주식) 종류C-P2e,일치(정규화),matched,
펀드,KRZ501207473,미래에셋퇴직플랜증권자투자신탁1호(주식)C-P2e,—,2018-08-27,∞,Y,미매칭,존재,미래에셋퇴직플랜증권자투자신탁1호(주식) 종류C-P2e,일치(정규화),K55301BV2665,BV266,미래에셋퇴직플랜증권자투자신탁1호(주식) 종류C-P2e,일치(정규화),matched,
펀드,KRZ50133788H,삼성아세안증권자투자신탁제2호[주식]Cpe(퇴직연금),—,2018-09-03,∞,Y,미매칭,존재,삼성아세안증권자투자신탁 제2호[주식](Cpe(퇴직연금)),일치(정규화),K55105BU8349,BU834,삼성아세안증권자투자신탁 제2호[주식](Cpe(퇴직연금)),일치(정규화),matched,
펀드,KRZ501205012,삼성퇴직연금액티브배당증권자투자신탁제1호[주식]Ce,—,2018-09-03,∞,Y,미매칭,존재,삼성퇴직연금액티브배당증권자투자신탁제1호[주식]_Ce,일치(정규화),K55105BV5583,BV558,삼성퇴직연금액티브배당증권자투자신탁 제1호[주식]_Ce,일치(정규화),matched,
펀드,KRZ500624406,한국밸류10년투자퇴직연금증권자투자신탁1호(주식)C-e,—,2018-10-15,∞,Y,미매칭,존재,한국밸류 10년투자 퇴직연금 증권자투자신탁 1호(주식) C-E,일치(정규화),KR5236267161,26716,한국밸류10년투자퇴직연금증권자투자신탁1호(주식)(C-E),일치(정규화),matched_loose,Y
펀드,KRZ50145687D,교보악사위대한중소형밸류증권자투자신탁1호(주식)C-Re(퇴직연금),—,2018-11-21,∞,Y,미매칭,존재,교보악사위대한중소형밸류증권자투자신탁1호(주식)ClassC-Re(퇴직연금),일치(정규화),K55207C30979,C3097,교보악사위대한중소형밸류증권자투자신탁1호(주식)ClassC-Re(퇴직연금),일치(정규화),matched,
펀드,KRZ50158858K,카디안차이나드래곤Ashare증권자투자신탁(H)[주식]C-P(퇴직연금)E,—,2018-11-21,∞,Y,미매칭,존재,카디안 차이나드래곤AShare증권자투자신탁(H)[주식] 클래스C-P(퇴직연금)E,일치(정규화),K55229BU7300,BU730,카디안 차이나드래곤AShare증권자투자신탁(H)[주식] 클래스 C-P(퇴직연금)E,일치(정규화),matched,
펀드,KRZ50220605A,키움글로벌차세대IT&네트워크증권자투자신탁(H)[주식]C-P2e,—,2019-12-04,∞,Y,미매칭,존재,키움글로벌차세대IT&네트워크증권자투자신탁(H)[주식]Class C-P2e(퇴직연금),일치(정규화),K55206C22200,C2220,키움글로벌차세대IT&네트워크증권자투자신탁(H)[주식] Class C-P2e(퇴직연금),일치(정규화),matched,
펀드,KRZ50220609A,키움글로벌차세대IT&네트워크증권자투자신탁(UH)[주식]C-P2e,—,2019-12-04,∞,Y,미매칭,존재,키움글로벌차세대IT&네트워크증권자투자신탁(UH)[주식] Class C-P2e(퇴직연금),일치(정규화),K55206C22408,C2240,키움글로벌차세대IT&네트워크증권자투자신탁(UH)[주식] C-P2e(퇴직연금),일치(정규화),matched_marker,Y
펀드,KRZ50204950J,KCGI차이나증권투자신탁(주식)C-Pe2,—,2020-07-23,∞,Y,미매칭,존재,KCGI차이나증권투자신탁[주식]종류C-Pe2,일치(정규화),K55365BT3678,BT367,KCGI차이나증권투자신탁[주식]종류C-Pe2,일치(정규화),matched,
펀드,KRZ50205555H,한국투자웰링턴글로벌퀄리티증권자투자신탁H(주식)(C-Re),—,2020-08-14,∞,Y,미매칭,존재,한국투자웰링턴글로벌퀄리티증권자투자신탁H(주식) 종류 C-Re,일치(정규화),K55101BT4337,BT433,한국투자웰링턴글로벌퀄리티증권자투자신탁H(주식)(C-Re),일치(정규화),matched_marker,Y
펀드,KRZ50205558H,한국투자웰링턴글로벌퀄리티증권자투자신탁UH(주식)(C-Re),—,2020-08-14,∞,Y,미매칭,존재,한국투자웰링턴글로벌퀄리티증권자투자신탁UH(주식) 종류 C-Re,일치(정규화),K55101BT4360,BT436,한국투자웰링턴글로벌퀄리티증권자투자신탁UH(주식)(C-Re),일치(정규화),matched_marker,Y
펀드,KRZ50240456A,키움글로벌구독경제증권자투자신탁(H)[주식]C-P2e,—,2020-10-20,∞,Y,미매칭,존재,키움글로벌구독경제증권자투자신탁(H)[주식] Class C-P2e(퇴직연금),일치(정규화),K55206D33338,D3333,키움글로벌구독경제증권자투자신탁(H)[주식] Class C-P2e(퇴직연금),일치(정규화),matched,
펀드,KRZ50240457A,키움글로벌구독경제증권자투자신탁(UH)[주식]C-P2e,—,2020-10-20,∞,Y,미매칭,존재,키움글로벌구독경제증권자투자신탁(UH)[주식] Class C-P2e(퇴직연금),일치(정규화),K55206D33494,D3349,키움글로벌구독경제증권자투자신탁(UH)[주식] Class C-P2e(퇴직연금),일치(정규화),matched,
펀드,KRZ50224240C,NH-Amundi필승코리아증권투자신탁[주식]C-P2e,—,2020-10-20,∞,Y,미매칭,존재,NH-Amundi 필승 코리아 증권투자신탁[주식] Class C-P2e(퇴직연금),일치(정규화),K55232C99584,C9958,NH-Amundi 필승 코리아 증권투자신탁[주식] Class C-P2e(퇴직연금),일치(정규화),matched,
펀드,KRZ50241454C,한화글로벌테크히어로증권자투자신탁(H)(주식)C-RPe,—,2020-10-26,∞,Y,미매칭,존재,한화 글로벌테크히어로증권 자투자신탁(H)(주식) C-RPe(퇴직연금),일치(정규화),K55213D57630,D5763,한화글로벌테크히어로증권 자투자신탁(H)(주식) C-RPe(퇴직연금),일치(정규화),matched,
펀드,KRZ50243344E,KB코리아뉴웨이브증권투자신탁(주식)C-퇴직e,—,2020-10-21,∞,Y,미매칭,존재,KB 코리아 뉴웨이브 증권 투자신탁(주식) C-퇴직e,일치(정규화),K55223DB1045,DB104,KB 코리아 뉴웨이브 증권 투자신탁(주식) C-퇴직e,일치(정규화),matched,
펀드,KRZ50214078E,다올글로벌빅테크1등주증권투자신탁[주식]CPe,—,2020-12-21,∞,Y,미매칭,존재,다올글로벌빅테크1등주증권투자신탁[주식] 종류CPe,일치(정규화),K55306BT9487,BT948,다올글로벌빅테크1등주증권투자신탁[주식] 종류CPe,일치(정규화),matched,
펀드,KRZ50113223D,우리지속가능ESG증권자투자신탁1호(주식)C-Pe,—,2020-12-28,∞,Y,미매칭,존재,우리지속가능ESG증권자투자신탁1호(주식)ClassC-Pe,일치(정규화),K55107C49906,C4990,우리지속가능ESG증권자투자신탁1호(주식)ClassC-Pe,일치(정규화),matched,
펀드,KRZ50218031J,한국투자글로벌전기차&자율주행증권투자신탁(주식)C-Re,—,2021-01-13,∞,Y,미매칭,존재,한국투자글로벌전기차&자율주행증권투자신탁(주식) 종류 C-Re,일치(정규화),K55101CA2695,CA269,한국투자글로벌전기차&자율주행증권투자신탁(주식)(C-Re),일치(정규화),matched_marker,Y
펀드,KRZ50242952C,NH-Amundi100년기업그린코리아증권투자신탁[주식]C-P2e,—,2021-02-05,∞,Y,미매칭,존재,NH-Amundi 100년 기업 그린 코리아 증권투자신탁[주식] Class C-P2e(퇴직연금),일치(정규화),K55232D64560,D6456,NH-Amundi 100년 기업 그린 코리아 증권투자신탁[주식] Class C-P2e(퇴직연금),일치(정규화),matched,
펀드,KRZ50218019G,미래에셋글로벌혁신기업ESG증권자투자신탁(주식)C-P2e,—,2021-02-05,∞,Y,미매칭,존재,미래에셋글로벌혁신기업ESG증권자투자신탁(주식)종류C-P2e,일치(정규화),K55301BY4585,BY458,미래에셋글로벌혁신기업ESG증권자투자신탁(주식) 종류C-P2e,일치(정규화),matched,
펀드,KRZ50170134F,키움차세대모빌리티증권자투자신탁제1호[주식]C-P2e,—,2021-02-05,∞,Y,미매칭,존재,키움 차세대모빌리티 증권 자투자신탁 제1호[주식] Class C-P2e(퇴직연금),일치(정규화),K55206DD2638,DD263,키움차세대모빌리티증권자투자신탁제1호[주식]C-P2e(퇴직연금),일치(정규화),matched_marker,Y
펀드,KRZ50137184E,키움퓨처에너지증권투자신탁제1호[주식]C-P2e,—,2021-02-05,∞,Y,미매칭,존재,키움 퓨처에너지 증권 투자신탁 제1호[주식] Class C-P2e(퇴직연금),일치(정규화),K55206DF8823,DF882,키움 퓨처에너지 증권 투자신탁 제1호[주식] C-P2e(퇴직연금),일치(정규화),matched_marker,Y
펀드,KRZ50222312G,NH-Amundi글로벌혁신기업증권자투자신탁(H)[주식]C-P2e,—,2021-03-04,∞,Y,미매칭,존재,NH-Amundi 글로벌 혁신기업 증권자투자신탁(H)[주식] Class C-P2e(퇴직연금),일치(정규화),K55232DA8800,DA880,NH-Amundi 글로벌 혁신기업 증권자투자신탁(H)[주식] Class C-P2e(퇴직연금),일치(정규화),matched,
펀드,KRZ50198067E,마이다스아시아리더스성장주증권자투자신탁(H)[주식]C-Pe2,—,2021-03-04,∞,Y,미매칭,존재,마이다스 아시아 리더스 성장주 증권 자투자신탁(H)(주식) C-Pe2클래스,일치(정규화),K55303CR9044,CR904,마이다스 아시아 리더스 성장주 증권 자투자신탁(H)(주식) C-Pe2,일치(정규화),matched_marker,Y
펀드,KRZ50243485B,한화그린히어로증권자투자신탁[주식]C-RPe,—,2021-03-04,∞,Y,미매칭,존재,한화그린히어로증권 자투자신탁(주식) C-RPe(퇴직연금),일치(정규화),K55213DB6004,DB600,한화그린히어로증권 자투자신탁(주식) C-RPe(퇴직연금),일치(정규화),matched,
펀드,KRZ50239167A,우리아티잰글로벌그로스증권자투자신탁[주식_재간접형](H)Pe1,—,2021-03-19,∞,Y,미매칭,존재,우리 아티잰글로벌그로스증권자투자신탁[주식_재간접형](H)_Class Pe1,일치(정규화),K55228CZ2298,CZ229,우리 아티잰글로벌그로스증권자투자신탁[주식_재간접형](H)_Class Pe1,일치(정규화),matched,
펀드,KRZ50126358E,우리나라기업가치향상증권자투자신탁[주식]Pe1,—,2021-03-19,∞,Y,미매칭,존재,우리나라기업가치향상증권자투자신탁[주식] Class Pe1,일치(정규화),K55228D94508,D9450,우리나라기업가치향상증권자투자신탁[주식] Class Pe1,일치(정규화),matched,
펀드,KRZ50152904E,우리코리아ESG증권자투자신탁[주식]Pe1,—,2021-03-19,∞,Y,미매칭,존재,우리 코리아ESG 증권자투자신탁[주식] Class Pe1,일치(정규화),K55228DC7509,DC750,우리 코리아ESG 증권자투자신탁[주식] Class Pe1,일치(정규화),matched,
펀드,KRZ50202119H,키움글로벌코어밸류증권자투자신탁제1호[주식]C-P2e,—,2021-03-24,∞,Y,미매칭,존재,키움 글로벌 코어밸류 증권 자투자신탁 제1호[주식] Class C-P2e(퇴직연금),일치(정규화),K55206DH9266,DH926,키움글로벌코어밸류증권자투자신탁제1호[주식]C-P2e(퇴직연금),일치(정규화),matched_marker,Y
펀드,KRZ50152114H,iM에셋월드광업주증권자투자신탁(주식-재간접형)(H)C-Rpe,—,2021-03-24,∞,Y,미매칭,존재,iM에셋 월드광업주 증권 자투자신탁(주식-재간접형)(H) 종류 (C-Rpe),일치(정규화),K55366BU9622,BU962,iM에셋월드광업주증권자투자신탁(주식-재간접형)(H)(C-Rpe),일치(정규화),matched_marker,Y
펀드,KRZ50145078J,한화천연자원증권자투자신탁[주식]P-E,—,2021-03-24,∞,Y,미매칭,존재,한화천연자원증권 자투자신탁(주식) P - E 클래스,일치(정규화),K55237BU5569,BU556,한화천연자원증권 자투자신탁(주식) P - E 클래스,일치(정규화),matched,
펀드,KRZ50115110E,우리중소형고배당증권자투자신탁1호(주식)C-Pe,—,2021-04-05,∞,Y,미매칭,존재,우리중소형고배당증권자투자신탁1호(주식)ClassC-Pe,일치(정규화),K55107BU0229,BU022,우리중소형고배당증권자투자신탁1호(주식)ClassC-Pe,일치(정규화),matched,
펀드,KRZ50220352H,KCGI글로벌성장기반증권자투자신탁[주식]C-Pe2,—,2021-06-04,∞,Y,미매칭,존재,KCGI글로벌성장기반증권자투자신탁[주식]종류C-Pe2,일치(정규화),K55365C12783,C1278,KCGI글로벌성장기반증권자투자신탁[주식]종류C-Pe2,일치(정규화),matched,
펀드,KRZ50136818M,한국투자월스트리트투자은행증권투자신탁1호[주식]C-Re,—,2021-06-04,∞,Y,미매칭,존재,한국투자월스트리트투자은행증권투자신탁1호(주식)(C-Re),일치(정규화),K55101D21708,D2170,한국투자월스트리트투자은행증권투자신탁1호(주식)(C-Re),일치(정규화),matched,
펀드,KRZ50222600G,미래에셋글로벌코어테크EMP증권자투자신탁(주식-재간접형)C-P2e,—,2021-09-13,∞,Y,미매칭,존재,미래에셋글로벌코어테크EMP증권자투자신탁(주식-재간접형) 종류C-P2e,일치(정규화),K55301C62544,C6254,미래에셋글로벌코어테크EMP증권자투자신탁(주식-재간접형) 종류C-P2e,일치(정규화),matched,
펀드,KRZ50247247D,삼성글로벌메타버스증권자투자신탁H[주식]Cpe,—,2021-09-17,∞,Y,미매칭,존재,삼성글로벌메타버스증권자투자신탁H[주식]_Cpe(퇴직연금),일치(정규화),K55105DK2748,DK274,삼성글로벌메타버스증권자투자신탁H[주식]_Cpe(퇴직연금),일치(정규화),matched,
펀드,KRZ50247259D,삼성글로벌메타버스증권자투자신탁UH[주식]Cpe,—,2021-09-17,∞,Y,미매칭,존재,삼성글로벌메타버스증권자투자신탁UH[주식]_Cpe(퇴직연금),일치(정규화),K55105DK2904,DK290,삼성글로벌메타버스증권자투자신탁UH[주식]_Cpe(퇴직연금),일치(정규화),matched,
펀드,KRZ50240446E,한국투자미국배당귀족증권자투자신탁H(주식)C-Re,—,2021-09-17,∞,Y,미매칭,존재,한국투자미국배당귀족증권자투자신탁H(주식)(C-Re),일치(정규화),K55101D20692,D2069,한국투자미국배당귀족증권자투자신탁H(주식)(C-Re),일치(정규화),matched,
펀드,KRZ50247708A,키움글로벌구독경제증권자투자신탁제2호(H)[주식]C-P2e,—,2021-10-08,∞,Y,미매칭,존재,키움글로벌구독경제증권자투자신탁제2호(H)[주식] Class C-P2e(퇴직연금),일치(정규화),K55206DM2926,DM292,키움글로벌구독경제증권자투자신탁제2호(H)[주식] Class C-P2e(퇴직연금),일치(정규화),matched,
펀드,KRZ50247713A,키움글로벌구독경제증권자투자신탁제2호(UH)[주식]C-P2e,—,2021-10-08,∞,Y,미매칭,존재,키움글로벌구독경제증권자투자신탁제2호(UH)[주식] Class C-P2e(퇴직연금),일치(정규화),K55206DM3122,DM312,키움글로벌구독경제증권자투자신탁제2호(UH)[주식] Class C-P2e(퇴직연금),일치(정규화),matched,
펀드,KRZ50247807G,다올글로벌메타버스&우주산업1등주증권자투자신탁(H)[주식]CPe,—,2021-10-08,∞,Y,미매칭,존재,다올글로벌메타버스&우주산업1등주증권자투자신탁(H)[주식] 종류CPe,일치(정규화),K55306DL9459,DL945,다올글로벌메타버스&우주산업1등주증권자투자신탁(H)[주식]종류CPe,일치(정규화),matched,
펀드,KRZ50247808G,다올글로벌메타버스&우주산업1등주증권자투자신탁(UH)[주식]CPe,—,2021-10-08,∞,Y,미매칭,존재,다올글로벌메타버스&우주산업1등주증권자투자신탁(UH)[주식] 종류CPe,일치(정규화),K55306DL9673,DL967,다올글로벌메타버스&우주산업1등주증권자투자신탁(UH)[주식]종류CPe,일치(정규화),matched,
펀드,KRZ50156032F,마이다스책임투자증권투자신탁(주식)C-Pe2,—,2021-10-15,∞,Y,미매칭,존재,마이다스 책임투자 증권 투자신탁(주식) C-Pe2 클래스,일치(정규화),K55303BT4143,BT414,마이다스 책임투자 증권 투자신탁(주식)C-Pe2,일치(정규화),matched_marker,Y
펀드,KRZ50246926A,키움글로벌수소VISION증권자투자신탁(H)[주식]C-P2e,—,2021-10-15,∞,Y,미매칭,존재,키움글로벌수소VISION증권자투자신탁(H)[주식] Class C-P2e(퇴직연금),일치(정규화),K55206DK1318,DK131,키움글로벌수소VISION증권자투자신탁(H)[주식](C-P2e(퇴직연금)),일치(정규화),matched_marker,Y
펀드,KRZ502394558,유리필라델피아반도체인덱스증권자투자신탁H(주식)C-P1e,—,2021-10-15,∞,Y,미매칭,존재,유리필라델피아반도체인덱스증권자투자신탁H[주식] Class C-P1e,일치(정규화),K55307D05118,D0511,유리필라델피아반도체인덱스증권자투자신탁H[주식]_Class C-P1e,일치(정규화),matched_loose,Y
펀드,KRZ50238439C,유경플레인바닐라글로벌자산배분증권자투자신탁(주식)C-Pe2,—,2021-11-03,∞,Y,미매칭,존재,유경 플레인바닐라 글로벌자산배분 증권자투자신탁(주식)C-Pe2,일치(정규화),K55305CY9589,CY958,유경 플레인바닐라 글로벌자산배분 증권자투자신탁(주식) Class C-Pe2,일치(정규화),matched_marker,Y
펀드,KRZ50157331D,다올VIP스타셀렉션증권자투자신탁(주식)CPe,—,2021-11-15,∞,Y,미매칭,존재,다올VIP스타셀렉션증권자투자신탁[주식] 종류CPe,일치(정규화),K55306BT9560,BT956,다올VIP스타셀렉션증권자투자신탁[주식] 종류CPe,일치(정규화),matched,
펀드,KRZ50247412B,피델리티Water&Waste증권자투자신탁(주식-재간접형)CP-e,—,2021-11-15,∞,Y,미매칭,존재,피델리티 Water & Waste 증권 자투자신탁 (주식-재간접형) 종류 CP-e,일치(정규화),K55235DI6860,DI686,피델리티Water&Waste증권자투자신탁(주식-재간접형)종류CP-e,일치(정규화),matched,
펀드,KRZ50245660B,신한비앤피파리바미국스몰캡증권자투자신탁(H)[주식-재간접형]C-re,—,2022-02-08,∞,Y,미매칭,존재,신한비앤피파리바미국스몰캡증권자투자신탁(H)[주식-재간접형](종류C-re),일치(정규화),K55210DH1119,DH111,신한비앤피파리바미국스몰캡증권자투자신탁(H)[주식-재간접형](종류C-re),일치(정규화),matched,
펀드,KRZ50128057G,베어링가치형증권자투자신탁(주식)C-P2e,—,2022-02-08,∞,Y,미매칭,존재,베어링 가치형 증권자투자신탁(주식) Class C-P2e,일치(정규화),K55302BU0024,BU002,베어링가치형증권자투자신탁(주식)ClassC-P2e,일치(정규화),matched,
펀드,KRZ50247900B,신한글로벌탄소중립솔루션증권투자신탁(H)(주식)C-re,—,2022-04-28,∞,Y,미매칭,존재,신한글로벌탄소중립솔루션증권투자신탁(H)[주식](종류C-re),일치(정규화),K55210DM2110,DM211,신한글로벌탄소중립솔루션증권투자신탁(H)[주식](종류C-re),일치(정규화),matched,
펀드,KRZ50179672F,AB셀렉트미국증권투자신탁[주식-재간접형]Ce-P2,—,2022-04-28,∞,Y,미매칭,존재,AB  셀렉트 미국 증권투자신탁(주식 - 재간접형) 종류 Ce-P2,일치(정규화),K55370BU1953,BU195,AB셀렉트미국증권투자신탁(주식-재간접형)종류Ce-P2,일치(정규화),matched,
펀드,KRZ50250488B,우리프랭클린테크놀로지증권자투자신탁(H)(주식-재간접형)C-Pe,—,2022-05-10,∞,Y,미매칭,존재,우리프랭클린테크놀로지증권자투자신탁(H)(주식-재간접형)ClassC-Pe,일치(정규화),K55107DR8373,DR837,우리프랭클린테크놀로지증권자투자신탁(H)(주식-재간접형)ClassC-Pe,일치(정규화),matched,
펀드,KRZ50250501B,우리프랭클린테크놀로지증권자투자신탁(UH)(주식-재간접형)C-Pe,—,2022-05-10,∞,Y,미매칭,존재,우리프랭클린테크놀로지증권자투자신탁(UH)(주식-재간접형)ClassC-Pe,일치(정규화),K55107DR8597,DR859,우리프랭클린테크놀로지증권자투자신탁(UH)(주식-재간접형)ClassC-Pe,일치(정규화),matched,
펀드,KRZ50219772E,KB스타미국나스닥100인덱스증권자투자신탁[주식-파생형](H)C-퇴직e,—,2022-06-29,∞,Y,미매칭,존재,KB스타 미국 나스닥 100 인덱스 증권 자투자신탁(주식-파생형)(H) C-퇴직e,일치(정규화),K55223DD2231,DD223,KB스타 미국 나스닥 100 인덱스 증권 자투자신탁(주식-파생형)(H) C-퇴직e,일치(정규화),matched,
펀드,KRZ50156610D,KB스타미국S&P500인덱스증권자투자신탁[주식-파생형](H)C-퇴직e,—,2022-06-29,∞,Y,미매칭,존재,KB스타 미국 S&P500 인덱스 증권 자투자신탁(주식-파생형)(H) C-퇴직e,일치(정규화),K55223DU8344,DU834,KB스타 미국 S&P500 인덱스 증권 자투자신탁(주식-파생형)(H) 클래스 C-퇴직e,일치(정규화),matched_marker,Y
펀드,KRZ50134213E,IBK골드마이닝증권자투자신탁1호[주식]C-Re,—,2023-04-26,∞,Y,미매칭,존재,IBK 골드마이닝 증권 자투자신탁 1호[주식] 종류C-Re,일치(정규화),K55234CW4422,CW442,IBK 골드마이닝 증권 자투자신탁 1호[주식] 종류 C-Re,일치(정규화),matched,
펀드,KRZ50217186A,교보악사로보테크증권자투자신탁1호(H)[주식]C-Re,—,2023-04-26,∞,Y,미매칭,존재,교보악사로보테크증권자투자신탁1호(H)[주식]ClassC-Re,일치(정규화),K55207BT8117,BT811,교보악사로보테크증권자투자신탁1호(H)[주식]ClassC-Re,일치(정규화),matched,
펀드,KRZ50248393D,삼성글로벌반도체증권자투자신탁H[주식]Cpe,—,2023-04-26,∞,Y,미매칭,존재,삼성글로벌반도체증권자투자신탁H[주식]_Cpe(퇴직),유사,K55105DN1598,DN159,삼성글로벌반도체증권자투자신탁H[주식]_Cpe(퇴직),유사,matched,
펀드,KRZ50248397D,삼성글로벌반도체증권자투자신탁UH[주식]Cpe,—,2023-04-26,∞,Y,미매칭,존재,삼성글로벌반도체증권자투자신탁UH[주식]_Cpe(퇴직),유사,K55105DN1838,DN183,삼성글로벌반도체증권자투자신탁UH[주식]_Cpe(퇴직),유사,matched,
펀드,KRZ50126432A,우리삼성그룹증권자투자신탁1호(주식)C-Pe,—,2023-06-19,∞,Y,미매칭,존재,우리삼성그룹증권자투자신탁1호(주식) ClassC-Pe,일치(정규화),K55107BW8576,BW857,우리삼성그룹증권자투자신탁1호(주식)ClassC-Pe,일치(정규화),matched,
펀드,KRZ50136641D,우리프랭클린인디아증권자투자신탁(UH)(주식-재간접형)P-e,—,2023-07-24,∞,Y,미매칭,존재,우리프랭클린 인디아 증권 자투자신탁 (UH) (주식-재간접형) Class P-e,일치(정규화),K55107E45447,E4544,우리프랭클린인디아증권자투자신탁(UH)(주식-재간접형)Class P-e,일치(정규화),matched,
펀드,KRZ50198935H,iM에셋월드헬스사이언스증권투자신탁(주식-재간접형)C-Rpe,—,2023-08-11,∞,Y,미매칭,존재,iM에셋 월드헬스사이언스증권투자신탁(주식-재간접형)(C-Rpe),일치(정규화),K55366BT9641,BT964,iM에셋월드헬스사이언스증권투자신탁(주식-재간접형)(C-Rpe),일치(정규화),matched,
펀드,KRZ501341517,우리라이징코리아증권자투자신탁1호(주식)C-Pe,—,2023-10-23,∞,Y,미매칭,존재,우리라이징코리아증권자투자신탁1호(주식)ClassC-Pe,일치(정규화),K55107BW8543,BW854,우리라이징코리아증권자투자신탁1호(주식)ClassC-Pe,일치(정규화),matched,
펀드,KRZ502440259,BNK삼성전자중소형증권투자신탁1호(주식)C-P2e,—,2024-02-02,∞,Y,미매칭,존재,BNK삼성전자중소형증권투자신탁1호(주식) Class C-P2e,일치(정규화),K55240D58771,D5877,BNK삼성전자중소형증권투자신탁1호(주식) Class C-P2e,일치(정규화),matched,
펀드,KRZ501237487,우리재팬증권자투자신탁(주식)C-Pe,—,2024-02-27,∞,Y,미매칭,존재,우리재팬증권자투자신탁(주식)ClassC-Pe,일치(정규화),K55107E69462,E6946,우리재팬증권자투자신탁(주식)ClassC-Pe,일치(정규화),matched,
펀드,KRZ50131610D,우리재팬증권자투자신탁(UH)(주식)C-Pe,—,2024-02-27,∞,Y,미매칭,존재,우리 재팬 증권 자투자신탁(UH) (주식) Class C-Pe,일치(정규화),K55107E46270,E4627,우리재팬증권자투자신탁(UH) (주식) Class C-Pe,일치(정규화),matched,
펀드,KRZ50254443B,한국투자글로벌AI&반도체TOP10증권자투자신탁H(주식)C-Re,—,2024-04-17,∞,Y,미매칭,존재,한국투자글로벌AI&반도체TOP10증권자투자신탁H(주식)(C-Re),일치(정규화),K55101E12200,E1220,한국투자글로벌AI&반도체TOP10증권자투자신탁H(주식)(C-Re),일치(정규화),matched,
펀드,KRZ50255361A,유리빠른환매미국성장주증권투자신탁[주식-재간접형]C-P1e,—,2024-04-17,∞,Y,미매칭,존재,유리빠른환매미국성장주증권투자신탁[주식-재간접형] C-P1e,일치(정규화),K55307E09829,E0982,유리빠른환매미국성장주증권투자신탁[주식-재간접형] C-P1e,일치(정규화),matched,
펀드,KRZ502581109,우리나라신성장TOP20증권자투자신탁1호(주식)C-Pe,—,2024-05-29,∞,Y,미매칭,존재,우리나라신성장TOP20증권자투자신탁1호(주식)ClassC-Pe,일치(정규화),K55107E94460,E9446,우리나라신성장TOP20증권자투자신탁1호(주식)ClassC-Pe,일치(정규화),matched,
펀드,KRZ50259730B,한국투자글로벌지수&테마로테이션증권투자신탁(주식-재간접형)C-Re,—,2024-09-25,∞,Y,미매칭,존재,한국투자글로벌지수&테마로테이션증권투자신탁(주식-재간접형)(C-Re),일치(정규화),K55101EA4681,EA468,한국투자글로벌지수&테마로테이션증권투자신탁(주식-재간접형)(C-Re),일치(정규화),matched,
펀드,KRZ50242265E,AB미국그로스UH증권투자신탁[주식-재간접형]Ce-P2,—,2024-09-26,∞,Y,미매칭,존재,AB 미국 그로스 UH 증권투자신탁(주식-재간접형) 종류 Ce-P2,일치(정규화),K55370D73627,D7362,AB미국그로스UH증권투자신탁(주식-재간접형)종류Ce-P2,일치(정규화),matched,
펀드,KRZ50152115H,iM에셋월드에너지증권자투자신탁(주식-재간접형)(H)C-Rpe,—,2024-09-26,∞,Y,미매칭,존재,iM에셋 월드에너지 증권 자투자신탁(주식-재간접형)(H) 종류 (C-Rpe),일치(정규화),K55366BU9713,BU971,iM에셋월드에너지증권자투자신탁(주식-재간접형)(H)(C-Rpe),일치(정규화),matched_marker,Y
펀드,KRZ50198828E,삼성일본중소형FOCUS증권자투자신탁H[주식]Cpe,—,2024-09-26,∞,Y,미매칭,존재,삼성일본중소형FOCUS증권자투자신탁H[주식]_Cpe(퇴직연금),일치(정규화),K55105BV9965,BV996,삼성일본중소형FOCUS증권자투자신탁H[주식]_Cpe(퇴직연금),일치(정규화),matched,
펀드,KRZ50101829D,신영밸류고배당증권자투자신탁(주식)C-P2e,—,2024-09-26,∞,Y,미매칭,존재,신영밸류고배당증권자투자신탁(주식) C-P2e형,유사,K55209CT1739,CT173,신영밸류고배당증권자투자신탁(주식) C-P2e형,유사,matched,
펀드,KRZ50151916K,피델리티글로벌금융주증권자투자신탁[주식-재간접형]CP-e,—,2024-09-26,∞,Y,미매칭,존재,피델리티 글로벌 금융주 증권 자투자신탁 (주식-재간접형) 종류 CP-e,일치(정규화),K55235BU7336,BU733,피델리티글로벌금융주증권자투자신탁CP-e(주식-재간접형),유사,matched_anagram,Y
펀드,KRZ50136097J,피델리티인디아증권자투자신탁(주식-재간접형)CP-e,—,2024-09-26,∞,Y,미매칭,존재,피델리티 인디아 증권 자투자신탁 (주식-재간접형) 종류 CP-e,일치(정규화),K55235CI9634,CI963,피델리티인디아증권자투자신탁(주식-재간접형)종류CP-e,일치(정규화),matched,
펀드,KRZ50135539J,피델리티재팬증권자투자신탁[주식-재간접형]CP-e,—,2024-09-26,∞,Y,미매칭,존재,피델리티 재팬 증권 자투자신탁 (주식-재간접형) 종류 CP-e,일치(정규화),K55235BW6807,BW680,피델리티재팬증권자투자신탁CP-e(주식-재간접형),유사,matched_anagram,Y
펀드,KRZ50173547J,피델리티차이나컨슈머증권자투자신탁[주식-재간접형]CP-e,—,2024-09-26,∞,Y,미매칭,존재,피델리티 차이나 컨슈머 증권 자투자신탁 (주식-재간접형) 종류 CP-e,일치(정규화),K55235BY9478,BY947,피델리티차이나컨슈머증권자투자신탁(주식-재간접형)종류CP-e,일치(정규화),matched,
펀드,KRZ50254445B,한국투자글로벌AI&반도체TOP10증권자투자신탁UH(주식)C-Re,—,2024-10-04,∞,Y,미매칭,존재,한국투자글로벌AI&반도체TOP10증권자투자신탁UH(주식)(C-Re),일치(정규화),K55101E12366,E1236,한국투자글로벌AI&반도체TOP10증권자투자신탁UH(주식)(C-Re),일치(정규화),matched,
펀드,KRZ50170084G,현대강소기업증권자투자신탁1호[주식]C-P2e,—,2024-10-04,∞,Y,미매칭,존재,현대강소기업증권자투자신탁1호[주식]종류C-P2e,일치(정규화),K55373C99693,C9969,현대강소기업증권자투자신탁1호[주식]종류C-P2e,일치(정규화),matched,
펀드,KRZ50256065B,신한미국나스닥100인덱스증권자투자신탁(H)[주식-파생형]C-re,—,2024-10-22,∞,Y,미매칭,존재,신한미국나스닥100인덱스증권자투자신탁(H)[주식-파생형](종류C-re),일치(정규화),K55210E46728,E4672,신한미국나스닥100인덱스증권자투자신탁(H)[주식-파생형](종류C-re),일치(정규화),matched,
펀드,KRZ50256066B,신한미국나스닥100인덱스증권자투자신탁(UH)[주식-파생형]C-re,—,2024-10-22,∞,Y,미매칭,존재,신한미국나스닥100인덱스증권자투자신탁(UH)[주식-파생형](종류C-re),일치(정규화),K55210E46868,E4686,신한미국나스닥100인덱스증권자투자신탁(UH)[주식-파생형](종류C-re),일치(정규화),matched,
펀드,KRZ50255040B,신한미국S&P500인덱스증권자투자신탁(H)[주식-파생형]C-re,—,2024-10-22,∞,Y,미매칭,존재,신한미국S&P500인덱스증권자투자신탁(H)[주식-파생형](종류C-re),일치(정규화),K55210DT4440,DT444,신한미국S&P500인덱스증권자투자신탁(H)[주식-파생형](종류C-re),일치(정규화),matched,
펀드,KRZ50255041B,신한미국S&P500인덱스증권자투자신탁(UH)[주식-파생형]C-re,—,2024-10-22,∞,Y,미매칭,존재,신한미국S&P500인덱스증권자투자신탁(UH)[주식-파생형](종류C-re),일치(정규화),K55210DT4614,DT461,신한미국S&P500인덱스증권자투자신탁(UH)[주식-파생형](종류C-re),일치(정규화),matched,
펀드,KRZ50168699F,KB중국본토A주증권자투자신탁(주식)C-퇴직e,—,2024-12-05,∞,Y,미매칭,존재,KB 중국본토 A주 증권 자투자신탁(주식) C-퇴직e,일치(정규화),K55223BV4542,BV454,KB 중국본토 A주 증권 자투자신탁(주식) C-퇴직e,일치(정규화),matched,
펀드,KRZ50193606G,미래에셋차이나그로스증권자투자신탁1호(주식)C-P2e,—,2024-12-05,∞,Y,미매칭,존재,미래에셋차이나그로스증권자투자신탁1호(주식)종류C-P2e,일치(정규화),K55301BX0493,BX049,미래에셋차이나그로스증권자투자신탁1호(주식)종류C-P2e,일치(정규화),matched,
펀드,KRZ50204670B,KB글로벌주식솔루션EMP증권자투자신탁(주식-재간접형)(UH)C-퇴직e,—,2025-01-22,∞,Y,미매칭,존재,KB 글로벌주식 솔루션 EMP 증권 자투자신탁(주식-재간접형)(UH)  C-퇴직e,일치(정규화),K55223BU8783,BU878,KB 글로벌주식 솔루션 EMP 증권 자투자신탁(주식-재간접형)(UH) C-퇴직e,일치(정규화),matched,
펀드,KRZ502394628,유리필라델피아반도체인덱스증권자투자신탁UH[주식]C-P1e,—,2025-01-22,∞,Y,미매칭,존재,유리필라델피아반도체인덱스증권자투자신탁UH[주식] Class C-P1e,일치(정규화),K55307D06017,D0601,유리필라델피아반도체인덱스증권자투자신탁UH[주식]_Class C-P1e,일치(정규화),matched_loose,Y
펀드,KRZ50261145C,한국투자미국S&P500동일가중모레드림증권자투자신탁H[주식]C-Re,—,2025-03-24,∞,Y,미매칭,존재,한국투자미국S&P500동일가중모레드림증권자투자신탁H(주식)(C-Re),일치(정규화),K55101EG5435,EG543,한국투자미국S&P500동일가중모레드림증권자투자신탁H(주식)(C-Re),일치(정규화),matched,
펀드,KRZ50261147B,한국투자미국S&P500동일가중모레드림증권자투자신탁UH[주식]C-Re,—,2025-03-24,∞,Y,미매칭,존재,한국투자미국S&P500동일가중모레드림증권자투자신탁UH(주식)(C-Re),일치(정규화),K55101EG5633,EG563,한국투자미국S&P500동일가중모레드림증권자투자신탁UH(주식)(C-Re),일치(정규화),matched,
펀드,KRZ501242719,우리KOSPI200인덱스증권자투자신탁1호(주식)C-Pe,—,2025-08-08,∞,Y,미매칭,존재,우리KOSPI200인덱스증권자투자신탁1호(주식)ClassC-Pe,일치(정규화),K55107BW4716,BW471,우리KOSPI200인덱스증권자투자신탁1호(주식)ClassC-Pe,일치(정규화),matched,
펀드,KRZ50251061C,NH-Amundi글로벌우주항공증권자투자신탁(H)[주식]C-P2e,—,2025-08-20,∞,Y,미매칭,존재,NH-Amundi 글로벌 우주항공 증권자투자신탁(H)[주식] Class C-P2e(퇴직연금),일치(정규화),K55232DI0791,DI079,NH-Amundi 글로벌 우주항공 증권자투자신탁(H)[주식] Class C-P2e(퇴직연금),일치(정규화),matched,
펀드,KRZ50251064C,NH-Amundi글로벌우주항공증권자투자신탁(UH)[주식]C-P2e,—,2025-08-20,∞,Y,미매칭,존재,NH-Amundi 글로벌 우주항공 증권자투자신탁(UH)[주식] Class C-P2e(퇴직연금),일치(정규화),K55232DI0965,DI096,NH-Amundi 글로벌 우주항공 증권자투자신탁(UH)[주식] Class C-P2e(퇴직연금),일치(정규화),matched,
펀드,KRZ50205506C,KB스타코스닥150인덱스증권자투자신탁(주식-파생형)C-퇴직e,—,2026-04-20,∞,Y,미매칭,존재,KB스타 코스닥150 인덱스 증권 자투자신탁(주식-파생형) C-퇴직e 클래스,일치(정규화),K55223CN7403,CN740,KB스타 코스닥150 인덱스 증권 자투자신탁(주식-파생형) C-퇴직e 클래스,일치(정규화),matched,
펀드,KRZ50243615B,우리포커스증권자투자신탁2호(주식)ClassC-Pe,—,2020-12-01,∞,Y,미매칭,존재,우리포커스증권자투자신탁2호(주식)ClassC-Pe,일치(정규화),K55107DB6490,DB649,우리포커스증권자투자신탁2호(주식)ClassC-Pe,일치(정규화),matched,
펀드,KRZ50212416C,미래에셋전략배분적격TDF2030혼합자산자투자신탁C-P2e,—,2017-10-26,∞,Y,미매칭,존재,미래에셋전략배분적격TDF2030혼합자산자투자신탁 종류C-P2e,일치(정규화),K55301BU6113,BU611,미래에셋전략배분적격TDF2030혼합자산자투자신탁종류C-P2e,일치(정규화),matched,
펀드,KRZ50212417B,미래에셋전략배분적격TDF2035혼합자산자투자신탁C-P2e,—,2017-10-26,∞,Y,미매칭,존재,미래에셋전략배분적격TDF2035혼합자산자투자신탁 종류C-P2e,일치(정규화),K55301BU6139,BU613,미래에셋전략배분적격TDF2035혼합자산자투자신탁종류C-P2e,일치(정규화),matched,
펀드,KRZ50212418B,미래에셋전략배분적격TDF2040혼합자산자투자신탁C-P2e,—,2017-10-26,∞,Y,미매칭,존재,미래에셋전략배분적격TDF2040혼합자산자투자신탁 종류C-P2e,일치(정규화),K55301BU6253,BU625,미래에셋전략배분적격TDF2040혼합자산자투자신탁종류C-P2e,일치(정규화),matched,
펀드,KRZ50212420B,미래에셋전략배분적격TDF2045혼합자산자투자신탁C-P2e,—,2017-10-26,∞,Y,미매칭,존재,미래에셋전략배분적격TDF2045혼합자산자투자신탁 종류C-P2e,일치(정규화),K55301BU5479,BU547,미래에셋전략배분적격TDF2045혼합자산자투자신탁종류C-P2e,일치(정규화),matched,
펀드,KRZ502162739,KB온국민적격TDF2030증권자투자신탁(주식혼합-재간접형)(H)C-퇴직e,—,2017-11-17,∞,Y,미매칭,존재,KB 온국민 적격TDF 2030 증권 자투자신탁(주식혼합-재간접형)(H) C-퇴직e,일치(정규화),K55223BT1096,BT109,KB 온국민 적격TDF 2030 증권 자투자신탁(주식혼합-재간접형)(H) C-퇴직e,일치(정규화),matched,
펀드,KRZ502162759,KB온국민적격TDF2035증권자투자신탁(주식혼합-재간접형)(H)C-퇴직e,—,2017-11-17,∞,Y,미매칭,존재,KB 온국민 적격TDF 2035 증권 자투자신탁(주식혼합-재간접형)(H) C-퇴직e,일치(정규화),K55223BT1278,BT127,KB 온국민 적격TDF 2035 증권 자투자신탁(주식혼합-재간접형)(H) C-퇴직e,일치(정규화),matched,
펀드,KRZ502162799,KB온국민적격TDF2040증권자투자신탁(주식혼합-재간접형)(H)C-퇴직e,—,2017-11-17,∞,Y,미매칭,존재,KB 온국민 적격TDF 2040 증권 자투자신탁(주식혼합-재간접형)(H) C-퇴직e,일치(정규화),K55223BT1450,BT145,KB 온국민 적격TDF 2040 증권 자투자신탁(주식혼합-재간접형)(H) C-퇴직e,일치(정규화),matched,
펀드,KRZ502162809,KB온국민적격TDF2045증권자투자신탁(주식혼합-재간접형)(H)C-퇴직e,—,2017-11-17,∞,Y,미매칭,존재,KB 온국민 적격TDF 2045 증권 자투자신탁(주식혼합-재간접형)(H) C-퇴직e,일치(정규화),K55223BT1757,BT175,KB 온국민 적격TDF 2045 증권 자투자신탁(주식혼합-재간접형)(H) C-퇴직e,일치(정규화),matched,
펀드,KRZ502162819,KB온국민적격TDF2050증권자투자신탁(주식혼합-재간접형)(H)C-퇴직e,—,2017-11-17,∞,Y,미매칭,존재,KB 온국민 적격TDF 2050 증권 자투자신탁(주식혼합-재간접형)(H) C-퇴직e,일치(정규화),K55223BT1922,BT192,KB 온국민 적격TDF 2050 증권 자투자신탁(주식혼합-재간접형)(H) C-퇴직e,일치(정규화),matched,
펀드,KRZ50191336C,유경PSG좋은생각자산배분형증권투자신탁(주식혼합형)C-Pe2,—,2017-12-07,∞,Y,미매칭,존재,유경PSG 좋은생각자산배분형증권투자신탁(주식혼합형) Class C-Pe2,일치(정규화),K55305BX1299,BX129,유경PSG좋은생각자산배분형증권투자신탁(주식혼합형) Class C-Pe2,일치(정규화),matched,
펀드,KRZ501937282,미래에셋퇴직연금배당커버드콜액티브증권자투자신탁1호(주식혼합)C-P2e,—,2018-03-29,∞,Y,미매칭,존재,미래에셋퇴직연금배당커버드콜액티브증권자투자신탁1호(주식혼합) 종류C-P2e,일치(정규화),KR5301AW7864,AW786,미래에셋퇴직연금배당커버드콜액티브증권자투자신탁1호(주식혼합)종류C-P2e,일치(정규화),matched,
펀드,KRZ50204838E,삼성글로벌액티브적격TDF2030증권투자신탁H[주식혼합-재간접형]_Cpe(퇴직연금),—,2018-04-25,∞,Y,미매칭,존재,삼성 글로벌액티브 적격TDF 2030 증권투자신탁H[주식혼합-재간접형]_Cpe(퇴직연금),일치(정규화),K55105BU1161,BU116,삼성 글로벌액티브 적격TDF 2030 증권투자신탁H[주식혼합-재간접형]_Cpe(퇴직연금),일치(정규화),matched,
펀드,KRZ50204837E,삼성글로벌액티브적격TDF2035증권투자신탁H[주식혼합-재간접형]_Cpe(퇴직연금),—,2018-04-25,∞,Y,미매칭,존재,삼성 글로벌액티브 적격TDF 2035 증권투자신탁H[주식혼합-재간접형]_Cpe(퇴직연금),일치(정규화),K55105BT9936,BT993,삼성 글로벌액티브 적격TDF 2035 증권투자신탁H[주식혼합-재간접형]_Cpe(퇴직연금),일치(정규화),matched,
펀드,KRZ50204833E,삼성글로벌액티브적격TDF2040증권투자신탁H[주식혼합-재간접형]_Cpe(퇴직연금),—,2018-04-25,∞,Y,미매칭,존재,삼성 글로벌액티브 적격TDF 2040 증권투자신탁H[주식혼합-재간접형]_Cpe(퇴직연금),일치(정규화),K55105BT9928,BT992,삼성 글로벌액티브 적격TDF 2040 증권투자신탁H[주식혼합-재간접형]_Cpe(퇴직연금),일치(정규화),matched,
펀드,KRZ50204832E,삼성글로벌액티브적격TDF2045증권투자신탁H[주식혼합-재간접형]_Cpe(퇴직연금),—,2018-04-26,∞,Y,미매칭,존재,삼성 글로벌액티브 적격TDF 2045 증권투자신탁H[주식혼합-재간접형]_Cpe(퇴직연금),일치(정규화),K55105BT9910,BT991,삼성 글로벌액티브 적격TDF 2045 증권투자신탁H[주식혼합-재간접형]_Cpe(퇴직연금),일치(정규화),matched,
펀드,KRZ50211858F,한국투자적격TDF알아서2030증권투자신탁[주식혼합-재간접형](C-Re),—,2018-06-15,∞,Y,미매칭,존재,한국투자적격TDF알아서2030증권투자신탁(주식혼합-재간접형) 종류 C-Re,일치(정규화),K55101BT4402,BT440,한국투자적격TDF알아서2030증권투자신탁(주식혼합-재간접형)(C-Re),일치(정규화),matched_marker,Y
펀드,KRZ50211876F,한국투자적격TDF알아서2035증권투자신탁[주식혼합-재간접형](C-Re),—,2018-06-15,∞,Y,미매칭,존재,한국투자적격TDF알아서2035증권투자신탁(주식혼합-재간접형) 종류 C-Re,일치(정규화),K55101BT4428,BT442,한국투자적격TDF알아서2035증권투자신탁(주식혼합-재간접형)(C-Re),일치(정규화),matched_marker,Y
펀드,KRZ50211878F,한국투자적격TDF알아서2040증권투자신탁[주식혼합-재간접형](C-Re),—,2018-06-18,∞,Y,미매칭,존재,한국투자적격TDF알아서2040증권투자신탁(주식혼합-재간접형) 종류 C-Re,일치(정규화),K55101BT7397,BT739,한국투자적격TDF알아서2040증권투자신탁(주식혼합-재간접형)(C-Re),일치(정규화),matched_marker,Y
펀드,KRZ50211904F,한국투자적격TDF알아서2045증권투자신탁[주식혼합-재간접형](C-Re),—,2018-06-15,∞,Y,미매칭,존재,한국투자적격TDF알아서2045증권투자신탁(주식혼합-재간접형) 종류 C-Re,일치(정규화),K55101BT4444,BT444,한국투자적격TDF알아서2045증권투자신탁(주식혼합-재간접형)(C-Re),일치(정규화),matched_marker,Y
펀드,KRZ501880342,미래에셋퇴직연금스마트롱숏50증권자투자신탁1호(주식혼합)C-e,—,2018-06-26,∞,Y,미매칭,존재,미래에셋퇴직연금스마트롱숏50증권자투자신탁1호(주식혼합)종류C-e,일치(정규화),KR5301AQ4059,AQ405,미래에셋퇴직연금스마트롱숏50증권자투자신탁1호(주식혼합)종류C-e,일치(정규화),matched,
펀드,KRZ501812722,트러스톤다이나믹코리아50퇴직연금증권자투자신탁[주식혼합]Ce,—,2018-07-26,∞,Y,미매칭,존재,트러스톤다이나믹코리아50퇴직연금증권자투자신탁[주식혼합] Ce클래스,일치(정규화),KR5363AG8651,AG865,트러스톤다이나믹코리아50퇴직연금증권자투자신탁[주식혼합]Ce클래스,일치(정규화),matched,
펀드,KRZ50224312A,키움키워드림적격TDF2030증권투자신탁제1호[혼합-재간접형]C-P2e,—,2018-08-16,∞,Y,미매칭,존재,키움키워드림적격TDF2030증권투자신탁제1호[혼합-재간접형] Class C-P2e(퇴직연금),일치(정규화),K55206C95800,C9580,키움키워드림적격TDF2030증권투자신탁제1호[혼합-재간접형] C-P2e (퇴직연금),일치(정규화),matched_marker,Y
펀드,KRZ50224313A,키움키워드림적격TDF2035증권투자신탁제1호[주식혼합-재간접형]C-P2e,—,2018-08-16,∞,Y,미매칭,존재,키움키워드림적격TDF2035증권투자신탁제1호[주식혼합-재간접형] Class C-P2e(퇴직연금),일치(정규화),K55206C95974,C9597,키움키워드림적격TDF2035증권투자신탁제1호[주식혼합-재간접형] C-P2e (퇴직연금),일치(정규화),matched_marker,Y
펀드,KRZ50224315A,키움키워드림적격TDF2040증권투자신탁제1호[주식혼합-재간접형]C-P2e,—,2018-08-16,∞,Y,미매칭,존재,키움키워드림적격TDF2040증권투자신탁제1호[주식혼합-재간접형] Class C-P2e(퇴직연금),일치(정규화),K55206C96121,C9612,키움키워드림적격TDF2040증권투자신탁제1호[주식혼합-재간접형] C-P2e(퇴직연금),일치(정규화),matched_marker,Y
펀드,KRZ50224317A,키움키워드림적격TDF2045증권투자신탁제1호[주식혼합-재간접형]C-P2e,—,2018-08-16,∞,Y,미매칭,존재,키움키워드림적격TDF2045증권투자신탁제1호[주식혼합-재간접형] Class C-P2e(퇴직연금),일치(정규화),K55206C96311,C9631,키움키워드림적격TDF2045증권투자신탁제1호[주식혼합-재간접형] C-P2e(퇴직연금),일치(정규화),matched_marker,Y
펀드,KRZ50175118B,키움SmartInvestor분할매수증권자투자신탁1[주식혼합-재간접형]C-P2e,—,2018-09-27,∞,Y,미매칭,존재,키움 Smart Investor 분할매수 증권 자투자신탁 제1호[주식혼합-재간접형] Class C-P2e(퇴직연금),유사,K55206BV7843,BV784,키움SmartInvestor분할매수증권자투자신탁제1호_C-P2e(퇴직연금)[주식혼합-재간접형],유사,matched_anagram,Y
펀드,KRZ50172889H,알파시나브로멀티에셋증권투자신탁1호[주식혼합]P-E,—,2018-10-29,∞,Y,미매칭,존재,알파 시나브로 멀티에셋 증권 투자신탁1호[주식혼합] Class-P-E,일치(정규화),K55321CG9458,CG945,알파시나브로멀티에셋증권투자신탁1호[주식혼합]Class-P-E,일치(정규화),matched,
펀드,KRZ50215566E,신한마음편한적격TDF2030증권투자신탁[주식혼합-재간접형](C-re),—,2019-12-18,∞,Y,미매칭,존재,신한마음편한적격TDF2030증권투자신탁[주식혼합-재간접형](종류C-re),일치(정규화),K55210BU2385,BU238,신한마음편한적격TDF2030증권투자신탁[주식혼합-재간접형](종류C-re),일치(정규화),matched,
펀드,KRZ50215564E,신한마음편한적격TDF2035증권투자신탁[주식혼합-재간접형](C-re),—,2019-12-18,∞,Y,미매칭,존재,신한마음편한적격TDF2035증권투자신탁[주식혼합-재간접형](종류C-re),일치(정규화),K55210BU2419,BU241,신한마음편한적격TDF2035증권투자신탁[주식혼합-재간접형](종류C-re),일치(정규화),matched,
펀드,KRZ50232672B,신한마음편한적격TDF2050증권투자신탁[주식혼합-재간접형](C-re),—,2019-12-18,∞,Y,미매칭,존재,신한마음편한적격TDF2050증권투자신탁[주식혼합-재간접형](종류C-re),일치(정규화),K55210CO3828,CO382,신한마음편한적격TDF2050증권투자신탁[주식혼합-재간접형](종류C-re),일치(정규화),matched,
펀드,KRZ50215305E,신한마음편한적격TDF2045증권투자신탁[주식혼합-재간접형](C-re),—,2019-12-18,∞,Y,미매칭,존재,신한마음편한적격TDF2045증권투자신탁[주식혼합-재간접형](종류C-re),일치(정규화),K55210BU2450,BU245,신한마음편한적격TDF2045증권투자신탁[주식혼합-재간접형](종류C-re),일치(정규화),matched,
펀드,KRZ50215563E,신한마음편한적격TDF2040증권투자신탁[주식혼합-재간접형](C-re),—,2019-12-18,∞,Y,미매칭,존재,신한마음편한적격TDF2040증권투자신탁[주식혼합-재간접형](종류C-re),일치(정규화),K55210BU2435,BU243,신한마음편한적격TDF2040증권투자신탁[주식혼합-재간접형](종류C-re),일치(정규화),matched,
펀드,KRZ50184103C,우리알리안츠인컴앤그로스증권자투자신탁[주식혼합_재간접형](H)Pe1,—,2020-04-07,∞,Y,미매칭,존재,우리 알리안츠 인컴앤그로스 증권 자투자신탁[주식혼합_재간접형](H) Class Pe1,일치(정규화),K55228BT5688,BT568,우리 알리안츠인컴앤그로스증권자투자신탁[주식혼합_재간접형](H)Class Pe1,일치(정규화),matched,
펀드,KRZ50233760A,교보악사평생든든적격TDF2030증권자투자신탁(주식혼합-재간접형)C-Re,—,2020-04-08,∞,Y,미매칭,존재,교보악사 평생든든 적격TDF 2030증권자투자신탁(주식혼합-재간접형) Class C-Re(퇴직연금),일치(정규화),K55207CP5678,CP567,교보악사 평생든든 적격TDF 2030증권자투자신탁(주식혼합-재간접형) Class C-Re(퇴직연금),일치(정규화),matched,
펀드,KRZ50233764A,교보악사평생든든적격TDF2035증권자투자신탁(주식혼합-재간접형)C-Re,—,2020-04-08,∞,Y,미매칭,존재,교보악사 평생든든 적격TDF 2035증권자투자신탁(주식혼합-재간접형) Class C-Re(퇴직연금),일치(정규화),K55207CP5892,CP589,교보악사 평생든든 적격TDF 2035증권자투자신탁(주식혼합-재간접형) Class C-Re(퇴직연금),일치(정규화),matched,
펀드,KRZ50233766A,교보악사평생든든적격TDF2040증권자투자신탁(주식혼합-재간접형)C-Re,—,2020-04-08,∞,Y,미매칭,존재,교보악사 평생든든 적격TDF 2040증권자투자신탁(주식혼합-재간접형) Class C-Re(퇴직연금),일치(정규화),K55207CP6031,CP603,교보악사 평생든든 적격TDF 2040증권자투자신탁(주식혼합-재간접형) Class C-Re(퇴직연금),일치(정규화),matched,
펀드,KRZ50233769A,교보악사평생든든적격TDF2045증권자투자신탁(주식혼합-재간접형)C-Re,—,2020-04-08,∞,Y,미매칭,존재,교보악사 평생든든 적격TDF 2045증권자투자신탁(주식혼합-재간접형) Class C-Re(퇴직연금),일치(정규화),K55207CP6437,CP643,교보악사 평생든든 적격TDF 2045증권자투자신탁(주식혼합-재간접형) Class C-Re(퇴직연금),일치(정규화),matched,
펀드,KRZ50233771A,교보악사평생든든적격TDF2050증권자투자신탁(주식혼합-재간접형)C-Re,—,2020-04-08,∞,Y,미매칭,존재,교보악사 평생든든 적격TDF 2050증권자투자신탁(주식혼합-재간접형) Class C-Re(퇴직연금),일치(정규화),K55207CP6643,CP664,교보악사 평생든든 적격TDF 2050증권자투자신탁(주식혼합-재간접형) Class C-Re(퇴직연금),일치(정규화),matched,
펀드,KRZ502419668,우리다같이적격TDF2025증권투자신탁(혼합-재간접형)C-Pe,—,2020-09-22,∞,Y,미매칭,존재,우리다같이적격TDF2025증권투자신탁(혼합-재간접형)ClassC-Pe,일치(정규화),K55107D41067,D4106,우리다같이적격TDF2025증권투자신탁(혼합-재간접형)ClassC-Pe,일치(정규화),matched,
펀드,KRZ502419758,우리다같이적격TDF2030증권투자신탁(혼합-재간접형)C-Pe,—,2020-09-22,∞,Y,미매칭,존재,우리다같이적격TDF2030증권투자신탁(혼합-재간접형)ClassC-Pe,일치(정규화),K55107D40879,D4087,우리다같이적격TDF2030증권투자신탁(혼합-재간접형)ClassC-Pe,일치(정규화),matched,
펀드,KRZ50241989B,우리다같이적격TDF2035증권투자신탁(혼합-재간접형)C-Pe,—,2020-09-22,∞,Y,미매칭,존재,우리다같이적격TDF2035증권투자신탁(혼합-재간접형)ClassC-Pe,일치(정규화),K55107D40705,D4070,우리다같이적격TDF2035증권투자신탁(혼합-재간접형)ClassC-Pe,일치(정규화),matched,
펀드,KRZ50241992B,우리다같이적격TDF2040증권투자신탁(혼합-재간접형)C-Pe,—,2020-09-22,∞,Y,미매칭,존재,우리다같이적격TDF2040증권투자신탁(혼합-재간접형)ClassC-Pe,일치(정규화),K55107D40440,D4044,우리다같이적격TDF2040증권투자신탁(혼합-재간접형)ClassC-Pe,일치(정규화),matched,
펀드,KRZ50241995B,우리다같이적격TDF2045증권투자신탁(혼합-재간접형)C-Pe,—,2020-09-22,∞,Y,미매칭,존재,우리다같이적격TDF2045증권투자신탁(혼합-재간접형)ClassC-Pe,일치(정규화),K55107D40176,D4017,우리다같이적격TDF2045증권투자신탁(혼합-재간접형)ClassC-Pe,일치(정규화),matched,
펀드,KRZ50242059B,우리다같이적격TDF2050증권투자신탁(혼합-재간접형)C-Pe,—,2020-09-22,∞,Y,미매칭,존재,우리다같이적격TDF2050증권투자신탁(혼합-재간접형)ClassC-Pe,일치(정규화),K55107D39830,D3983,우리다같이적격TDF2050증권투자신탁(혼합-재간접형)ClassC-Pe,일치(정규화),matched,
펀드,KRZ501935785,에셋플러스해피드림투게더퇴직연금증권자투자신탁1호(주식혼합)Ce,—,2020-12-07,∞,Y,미매칭,존재,에셋플러스 해피드림투게더 퇴직연금 증권 자투자신탁1호[주식혼합] 종류Ce,일치(정규화),K55364BU0912,BU091,에셋플러스해피드림투게더퇴직연금증권자투자신탁1호[주식혼합] 종류 Ce,일치(정규화),matched,
펀드,KRZ50243624B,KCGI프리덤적격TDF2035증권자투자신탁[주식혼합-재간접형]C-Pe2,—,2021-04-05,∞,Y,미매칭,존재,KCGI프리덤적격TDF2035증권자투자신탁[주식혼합-재간접형]종류C-Pe2,일치(정규화),K55365DA5276,DA527,KCGI프리덤적격TDF2035증권자투자신탁[주식혼합-재간접형]종류C-Pe2,일치(정규화),matched,
펀드,KRZ50243621B,KCGI프리덤적격TDF2040증권자투자신탁[주식혼합-재간접형]C-Pe2,—,2021-04-05,∞,Y,미매칭,존재,KCGI프리덤적격TDF2040증권자투자신탁[주식혼합-재간접형]종류C-Pe2,일치(정규화),K55365DA5151,DA515,KCGI프리덤적격TDF2040증권자투자신탁[주식혼합-재간접형]종류C-Pe2,일치(정규화),matched,
펀드,KRZ50243619B,KCGI프리덤적격TDF2045증권자투자신탁[주식혼합-재간접형]C-Pe2,—,2021-04-05,∞,Y,미매칭,존재,KCGI프리덤적격TDF2045증권자투자신탁[주식혼합-재간접형]종류C-Pe2,일치(정규화),K55365DA4873,DA487,KCGI프리덤적격TDF2045증권자투자신탁[주식혼합-재간접형]종류C-Pe2,일치(정규화),matched,
펀드,KRZ50243616B,KCGI프리덤적격TDF2050증권자투자신탁[주식혼합-재간접형]C-Pe2,—,2021-04-05,∞,Y,미매칭,존재,KCGI프리덤적격TDF2050증권자투자신탁[주식혼합-재간접형]종류C-Pe2,일치(정규화),K55365DA5052,DA505,KCGI프리덤적격TDF2050증권자투자신탁[주식혼합-재간접형]종류C-Pe2,일치(정규화),matched,
펀드,KRZ50230589B,삼성글로벌액티브적격TDF2050증권투자신탁H[주식혼합-재간접형]Cpe,—,2021-07-29,∞,Y,미매칭,존재,삼성 글로벌액티브 적격TDF 2050 증권투자신탁H[주식혼합-재간접형]_Cpe(퇴직연금),일치(정규화),K55105CK1592,CK159,삼성 글로벌액티브 적격TDF 2050 증권투자신탁H[주식혼합-재간접형]_Cpe(퇴직연금),일치(정규화),matched,
펀드,KRZ50237164D,다올글로벌멀티에셋인컴EMP증권자투자신탁[혼합-재간접형]CPe,—,2021-07-29,∞,Y,미매칭,존재,다올글로벌멀티에셋인컴EMP증권자투자신탁[혼합-재간접형] 종류CPe,일치(정규화),K55306CW0027,CW002,다올글로벌멀티에셋인컴EMP증권자투자신탁[혼합-재간접형] 종류CPe,일치(정규화),matched,
펀드,KRZ50247085A,키움키워드림적격TDF2050증권투자신탁제1호[주식혼합-재간접형]C-P2e,—,2021-07-29,∞,Y,미매칭,존재,키움키워드림적격TDF2050증권투자신탁제1호[주식혼합-재간접형] Class C-P2e(퇴직연금),일치(정규화),K55206DK6895,DK689,키움키워드림적격TDF2050증권투자신탁제1호[주식혼합-재간접형] Class C-P2e(퇴직연금),일치(정규화),matched,
펀드,KRZ50236396B,한국투자적격TDF알아서2050증권자투자신탁H[주식혼합-재간접형](C-Re),—,2021-07-29,∞,Y,미매칭,존재,한국투자적격TDF알아서2050증권자투자신탁H(주식혼합-재간접형)(C-Re),일치(정규화),K55101CU1644,CU164,한국투자적격TDF알아서2050증권자투자신탁H(주식혼합-재간접형)(C-Re),일치(정규화),matched,
펀드,KRZ50242318B,미래에셋전략배분적격TDF2050혼합자산자투자신탁C-P2e,—,2021-07-29,∞,Y,미매칭,존재,미래에셋전략배분적격TDF2050혼합자산자투자신탁 종류C-P2e,일치(정규화),K55301D51370,D5137,미래에셋전략배분적격TDF2050혼합자산자투자신탁종류C-P2e,일치(정규화),matched,
펀드,KRZ50229789C,IBK플레인바닐라EMP증권투자신탁[혼합-재간접형]C-Re,—,2021-10-15,∞,Y,미매칭,존재,IBK 플레인바닐라 EMP 증권투자신탁[혼합-재간접형] 종류C-Re,일치(정규화),K55234CJ0997,CJ099,IBK 플레인바닐라 EMP 증권투자신탁[혼합-재간접형] 종류C-Re,일치(정규화),matched,
펀드,KRZ50200209F,삼성글로벌다이나믹자산배분증권자투자신탁H[주식혼합-재간접형]Cpe,—,2021-10-15,∞,Y,미매칭,존재,삼성글로벌다이나믹자산배분증권자투자신탁H[주식혼합-재간접형]_Cpe(퇴직연금),일치(정규화),K55105D17574,D1757,삼성글로벌다이나믹자산배분증권자투자신탁H[주식혼합-재간접형]_Cpe(퇴직연금),일치(정규화),matched,
펀드,KRZ50244910E,KB타겟리턴성장형OCIO증권투자신탁(혼합-재간접형)C-퇴직e,—,2022-03-04,∞,Y,미매칭,존재,KB 타겟리턴 성장형 OCIO 증권 투자신탁(혼합-재간접형) C-퇴직e,일치(정규화),K55223DE5803,DE580,KB 타겟리턴 성장형 OCIO 증권 투자신탁(혼합-재간접형) C-퇴직e,일치(정규화),matched,
펀드,KRZ50244589E,KB타겟리턴안정형OCIO증권투자신탁(혼합-재간접형)C-퇴직e,—,2022-03-04,∞,Y,미매칭,존재,KB 타겟리턴 안정형 OCIO 증권 투자신탁(혼합-재간접형) C-퇴직e,일치(정규화),K55223DE1125,DE112,KB 타겟리턴 안정형 OCIO 증권 투자신탁(혼합-재간접형) C-퇴직e,일치(정규화),matched,
펀드,KRZ50242845B,한화LIFEPLUS적격TDF2050증권자투자신탁(주식혼합-재간접형)C-RPe,—,2022-03-04,∞,Y,미매칭,존재,한화 LIFEPLUS 적격TDF 2050 증권 자투자신탁(주식혼합-재간접형) C-RPE(퇴직연금),일치(정규화),K55213D64958,D6495,한화 LIFEPLUS 적격TDF 2050 증권 자투자신탁(주식혼합-재간접형) C-RPE(퇴직연금),일치(정규화),matched,
펀드,KRZ50221862C,한화LIFEPLUS적격TDF2045증권투자신탁(주식혼합-재간접형)C-RPe,—,2022-03-04,∞,Y,미매칭,존재,한화 LIFEPLUS 적격TDF 2045 증권 투자신탁(주식혼합-재간접형) C-RPE(퇴직연금),일치(정규화),K55213C50702,C5070,한화 LIFEPLUS 적격TDF 2045 증권 투자신탁(주식혼합-재간접형) C-RPE(퇴직연금),일치(정규화),matched,
펀드,KRZ50221858C,한화LIFEPLUS적격TDF2040증권자투자신탁(주식혼합-재간접형)C-RPe,—,2022-03-04,∞,Y,미매칭,존재,한화 LIFEPLUS 적격TDF 2040 증권 자투자신탁(주식혼합-재간접형) 종류 C-RPe(퇴직연금),일치(정규화),K55213C51890,C5189,한화 LIFEPLUS 적격TDF 2040 증권 자투자신탁(주식혼합-재간접형) C-RPE(퇴직연금),일치(정규화),matched_marker,Y
펀드,KRZ50221856C,한화LIFEPLUS적격TDF2035증권투자신탁(주식혼합-재간접형)C-RPe,—,2022-03-04,∞,Y,미매칭,존재,한화 LIFEPLUS 적격TDF 2035 증권 투자신탁(주식혼합-재간접형) 종류 C-RPe(퇴직연금),일치(정규화),K55213C51718,C5171,한화 LIFEPLUS 적격TDF 2035 증권 투자신탁(주식혼합-재간접형) C-RPE(퇴직연금),일치(정규화),matched_marker,Y
펀드,KRZ50221851C,한화LIFEPLUS적격TDF2030증권자투자신탁(혼합-재간접형)C-RPe,—,2022-03-04,∞,Y,미매칭,존재,한화 LIFEPLUS 적격TDF 2030 증권 자투자신탁(혼합-재간접형) 종류 C-RPe(퇴직연금),일치(정규화),K55213C51064,C5106,한화 LIFEPLUS 적격TDF 2030 증권 자투자신탁(혼합-재간접형) 종류 C-RPE(퇴직연금),일치(정규화),matched_loose,Y
펀드,KRZ50247030E,KB다이나믹적격TDF2030증권자투자신탁(주식혼합-재간접형)C-퇴직e,—,2022-06-10,∞,Y,미매칭,존재,KB 다이나믹 적격TDF 2030 증권 자투자신탁(주식혼합-재간접형) C-퇴직e,일치(정규화),K55223DJ7150,DJ715,KB 다이나믹 적격TDF 2030 증권 자투자신탁(주식혼합-재간접형) C-퇴직e,일치(정규화),matched,
펀드,KRZ50247031E,KB다이나믹적격TDF2040증권자투자신탁(주식혼합-재간접형)C-퇴직e,—,2022-06-10,∞,Y,미매칭,존재,KB 다이나믹 적격TDF 2040 증권 자투자신탁(주식혼합-재간접형) C-퇴직e,일치(정규화),K55223DJ7382,DJ738,KB 다이나믹 적격TDF 2040 증권 자투자신탁(주식혼합-재간접형) C-퇴직e,일치(정규화),matched,
펀드,KRZ50247032E,KB다이나믹적격TDF2050증권자투자신탁(주식혼합-재간접형)C-퇴직e,—,2022-06-10,∞,Y,미매칭,존재,KB 다이나믹 적격TDF 2050 증권 자투자신탁(주식혼합-재간접형) C-퇴직e,일치(정규화),K55223DJ7549,DJ754,KB 다이나믹 적격TDF 2050 증권 자투자신탁(주식혼합-재간접형) C-퇴직e,일치(정규화),matched,
펀드,KRZ502406617,삼성글로벌EMP적격TDF2035증권자투자신탁[주식혼합-재간접형]Cpe,—,2022-10-20,∞,Y,미매칭,존재,삼성 글로벌 EMP 적격TDF 2035 증권자투자신탁[주식혼합-재간접형]_Cpe(퇴직연금),일치(정규화),K55105D34223,D3422,삼성 글로벌 EMP 적격TDF 2035 증권자투자신탁[주식혼합-재간접형]_Cpe(퇴직연금),일치(정규화),matched,
펀드,KRZ502411607,삼성글로벌EMP적격TDF2040증권자투자신탁[주식혼합-재간접형]Cpe,—,2022-10-20,∞,Y,미매칭,존재,삼성 글로벌 EMP 적격TDF 2040 증권자투자신탁[주식혼합-재간접형]_Cpe(퇴직연금),일치(정규화),K55105D42499,D4249,삼성 글로벌 EMP 적격TDF 2040 증권자투자신탁[주식혼합-재간접형]_Cpe(퇴직연금),일치(정규화),matched,
펀드,KRZ502411637,삼성글로벌EMP적격TDF2045증권자투자신탁[주식혼합-재간접형]Cpe,—,2022-10-20,∞,Y,미매칭,존재,삼성 글로벌 EMP 적격TDF 2045 증권자투자신탁[주식혼합-재간접형]_Cpe(퇴직연금),일치(정규화),K55105D43000,D4300,삼성 글로벌 EMP 적격TDF 2045 증권자투자신탁[주식혼합-재간접형]_Cpe(퇴직연금),일치(정규화),matched,
펀드,KRZ502406577,삼성글로벌EMP적격TDF2050증권자투자신탁[주식혼합-재간접형]Cpe,—,2022-10-20,∞,Y,미매칭,존재,삼성 글로벌 EMP 적격TDF 2050 증권자투자신탁[주식혼합-재간접형]_Cpe(퇴직연금),일치(정규화),K55105D32763,D3276,삼성 글로벌 EMP 적격TDF 2050 증권자투자신탁[주식혼합-재간접형]_Cpe(퇴직연금),일치(정규화),matched,
펀드,KRZ502411677,삼성글로벌EMP적격TDF2055증권자투자신탁[주식혼합-재간접형]Cpe,—,2022-10-20,∞,Y,미매칭,존재,삼성 글로벌 EMP 적격TDF 2055 증권자투자신탁[주식혼합-재간접형]_Cpe(퇴직연금),일치(정규화),K55105D43299,D4329,삼성 글로벌 EMP 적격TDF 2055 증권자투자신탁[주식혼합-재간접형]_Cpe(퇴직연금),일치(정규화),matched,
펀드,KRZ502409227,삼성글로벌EMP적격TDF2030증권자투자신탁[주식혼합-재간접형]Cpe,—,2022-10-20,∞,Y,미매칭,존재,삼성 글로벌 EMP 적격TDF 2030 증권자투자신탁[주식혼합-재간접형]_Cpe(퇴직연금),일치(정규화),K55105D41665,D4166,삼성 글로벌 EMP 적격TDF 2030 증권자투자신탁[주식혼합-재간접형]_Cpe(퇴직연금),일치(정규화),matched,
펀드,KRZ50252009B,한화LIFEPLUS TIF혼합자산자투자신탁(재간접형)C-RPe,—,2023-01-27,∞,Y,미매칭,존재,한화 LIFEPLUS TIF 혼합자산 자투자신탁(재간접형) C-RPe(퇴직연금),일치(정규화),K55213DU6837,DU683,한화 LIFEPLUS TIF 혼합자산 자투자신탁(재간접형) C-RPe(퇴직연금),일치(정규화),matched,
펀드,KRZ502528643,한국투자적격TDF알아서ETF포커스2030증권투자신탁[주식혼합-재간접형]C-Re,—,2024-08-13,∞,Y,미매칭,존재,한국투자적격TDF알아서ETF포커스2030증권투자신탁(주식혼합-재간접형)(C-Re),일치(정규화),K55101DX8306,DX830,한국투자적격TDF알아서ETF포커스2030증권투자신탁(주식혼합-재간접형)(C-Re),일치(정규화),matched,
펀드,KRZ502528653,한국투자적격TDF알아서ETF포커스2035증권투자신탁[주식혼합-재간접형]C-Re,—,2024-08-13,∞,Y,미매칭,존재,한국투자적격TDF알아서ETF포커스2035증권투자신탁(주식혼합-재간접형)(C-Re),일치(정규화),K55101DX8488,DX848,한국투자적격TDF알아서ETF포커스2035증권투자신탁(주식혼합-재간접형)(C-Re),일치(정규화),matched,
펀드,KRZ502528663,한국투자적격TDF알아서ETF포커스2040증권투자신탁[주식혼합-재간접형]C-Re,—,2024-08-13,∞,Y,미매칭,존재,한국투자적격TDF알아서ETF포커스2040증권투자신탁(주식혼합-재간접형)(C-Re),일치(정규화),K55101DX8652,DX865,한국투자적격TDF알아서ETF포커스2040증권투자신탁(주식혼합-재간접형)(C-Re),일치(정규화),matched,
펀드,KRZ502528673,한국투자적격TDF알아서ETF포커스2045증권투자신탁[주식혼합-재간접형]C-Re,—,2024-08-13,∞,Y,미매칭,존재,한국투자적격TDF알아서ETF포커스2045증권투자신탁(주식혼합-재간접형)(C-Re),일치(정규화),K55101DX7688,DX768,한국투자적격TDF알아서ETF포커스2045증권투자신탁(주식혼합-재간접형)(C-Re),일치(정규화),matched,
펀드,KRZ502528683,한국투자적격TDF알아서ETF포커스2050증권투자신탁[주식혼합-재간접형]C-Re,—,2024-08-13,∞,Y,미매칭,존재,한국투자적격TDF알아서ETF포커스2050증권투자신탁(주식혼합-재간접형)(C-Re),일치(정규화),K55101DX7852,DX785,한국투자적격TDF알아서ETF포커스2050증권투자신탁(주식혼합-재간접형)(C-Re),일치(정규화),matched,
펀드,KRZ502528693,한국투자적격TDF알아서ETF포커스2055증권투자신탁[주식혼합-재간접형]C-Re,—,2024-08-13,∞,Y,미매칭,존재,한국투자적격TDF알아서ETF포커스2055증권투자신탁(주식혼합-재간접형)(C-Re),일치(정규화),K55101DX8025,DX802,한국투자적격TDF알아서ETF포커스2055증권투자신탁(주식혼합-재간접형)(C-Re),일치(정규화),matched,
펀드,KRZ502528713,한국투자적격TDF알아서ETF포커스2060증권투자신탁[주식혼합-재간접형]C-Re,—,2024-08-13,∞,Y,미매칭,존재,한국투자적격TDF알아서ETF포커스2060증권투자신탁(주식혼합-재간접형)(C-Re),일치(정규화),K55101DX4743,DX474,한국투자적격TDF알아서ETF포커스2060증권투자신탁(주식혼합-재간접형)(C-Re),일치(정규화),matched,
펀드,KRZ50256845A,키움키워드림적격TDF2055증권투자신탁제1호[주식혼합-재간접형]C-P2e,—,2024-09-19,∞,Y,미매칭,존재,키움키워드림적격TDF2055증권투자신탁제1호[주식혼합-재간접형] Class C-P2e(퇴직연금),일치(정규화),K55206E56543,E5654,키움키워드림적격TDF2055증권투자신탁제1호[주식혼합-재간접형] Class C-P2e(퇴직연금),일치(정규화),matched,
펀드,KRZ50260115A,키움키워드림적격TDF2060증권자투자신탁제1호(H)[주식혼합-재간접형]C-P2e,—,2024-09-19,∞,Y,미매칭,존재,키움키워드림적격TDF2060증권자투자신탁제1호(H)[주식혼합-재간접형] Class C-P2e,일치(정규화),K55206EE1877,EE187,키움키워드림적격TDF2060증권자투자신탁제1호(H)[주식혼합-재간접형] Class C-P2e,일치(정규화),matched,
펀드,KRZ50260116A,키움키워드림적격TDF2060증권자투자신탁제1호(UH)[주식혼합-재간접형]C-P2e,—,2024-09-19,∞,Y,미매칭,존재,키움키워드림적격TDF2060증권자투자신탁제1호(UH)[주식혼합-재간접형] Class C-P2e,일치(정규화),K55206EE2040,EE204,키움키워드림적격TDF2060증권자투자신탁제1호(UH)[주식혼합-재간접형] Class C-P2e,일치(정규화),matched,
펀드,KRZ50240831F,KB온국민적격TDF2055증권자투자신탁(주식혼합-재간접형)(H)C-퇴직e,—,2024-12-13,∞,Y,미매칭,존재,KB 온국민 적격TDF 2055 증권 자투자신탁(주식혼합-재간접형)(H) C-퇴직e,일치(정규화),K55223D26790,D2679,KB 온국민 적격TDF 2055 증권 자투자신탁(주식혼합-재간접형)(H) C-퇴직e,일치(정규화),matched,
펀드,KRZ50240832F,KB온국민적격TDF2055증권자투자신탁(주식혼합-재간접형)(UH)C-퇴직e,—,2024-12-13,∞,Y,미매칭,존재,KB 온국민 적격TDF 2055 증권 자투자신탁(주식혼합-재간접형)(UH) C-퇴직e,일치(정규화),K55223D29737,D2973,KB 온국민 적격TDF 2055 증권 자투자신탁(주식혼합-재간접형)(UH) C-퇴직e,일치(정규화),matched,
펀드,KRZ50259784E,KB온국민적격TDF2060증권자투자신탁(주식혼합-재간접형)(H)C-퇴직e,—,2024-12-13,∞,Y,미매칭,존재,KB 온국민 적격TDF 2060 증권 자투자신탁(주식혼합-재간접형)(H) C-퇴직e,일치(정규화),K55223EC5432,EC543,KB 온국민 적격TDF 2060 증권 자투자신탁(주식혼합-재간접형)(H) C-퇴직e,일치(정규화),matched,
펀드,KRZ50259785E,KB온국민적격TDF2060증권자투자신탁(주식혼합-재간접형)(UH)C-퇴직e,—,2024-12-13,∞,Y,미매칭,존재,KB 온국민 적격TDF 2060 증권 자투자신탁(주식혼합-재간접형)(UH) C-퇴직e,일치(정규화),K55223EC5614,EC561,KB 온국민 적격TDF 2060 증권 자투자신탁(주식혼합-재간접형)(UH) C-퇴직e,일치(정규화),matched,
펀드,KRZ50238561B,삼성글로벌액티브적격TDF2055증권투자신탁H[주식혼합-재간접형]Cpe,—,2024-12-20,∞,Y,미매칭,존재,삼성 글로벌액티브 적격TDF 2055 증권투자신탁H[주식혼합-재간접형]_Cpe(퇴직연금),일치(정규화),K55105CX9483,CX948,삼성 글로벌액티브 적격TDF 2055 증권투자신탁H[주식혼합-재간접형]_Cpe(퇴직연금),일치(정규화),matched,
펀드,KRZ50260262B,삼성글로벌액티브적격TDF2060증권투자신탁H[주식혼합-재간접형]Cpe,—,2024-12-20,∞,Y,미매칭,존재,삼성 글로벌액티브 적격TDF 2060 증권투자신탁H[주식혼합-재간접형]_Cpe(퇴직연금),일치(정규화),K55105EE4428,EE442,삼성 글로벌액티브 적격TDF 2060 증권투자신탁H[주식혼합-재간접형]_Cpe(퇴직연금),일치(정규화),matched,
펀드,KRZ50260263B,삼성글로벌액티브적격TDF2060증권투자신탁UH[주식혼합-재간접형]Cpe,—,2024-12-20,∞,Y,미매칭,존재,삼성 글로벌액티브 적격TDF 2060 증권투자신탁UH[주식혼합-재간접형]_Cpe(퇴직연금),일치(정규화),K55105EE4634,EE463,삼성 글로벌액티브 적격TDF 2060 증권투자신탁UH[주식혼합-재간접형]_Cpe(퇴직연금),일치(정규화),matched,
펀드,KRZ50250458B,한국투자적격TDF알아서2055증권자투자신탁H[주식혼합-재간접형](C-Re),—,2024-12-27,∞,Y,미매칭,존재,한국투자적격TDF알아서2055증권자투자신탁H(주식혼합-재간접형)(C-Re),일치(정규화),K55101DR6340,DR634,한국투자적격TDF알아서2055증권자투자신탁H(주식혼합-재간접형)(C-Re),일치(정규화),matched,
펀드,KRZ50250459B,한국투자적격TDF알아서2055증권자투자신탁UH[주식혼합-재간접형](C-Re),—,2024-12-27,∞,Y,미매칭,존재,한국투자적격TDF알아서2055증권자투자신탁UH(주식혼합-재간접형)(C-Re),일치(정규화),K55101DR6605,DR660,한국투자적격TDF알아서2055증권자투자신탁UH(주식혼합-재간접형)(C-Re),일치(정규화),matched,
펀드,KRZ50250461B,한국투자적격TDF알아서2060증권자투자신탁H[주식혼합-재간접형](C-Re),—,2024-12-27,∞,Y,미매칭,존재,한국투자적격TDF알아서2060증권자투자신탁H(주식혼합-재간접형)(C-Re),일치(정규화),K55101DR6829,DR682,한국투자적격TDF알아서2060증권자투자신탁H(주식혼합-재간접형)(C-Re),일치(정규화),matched,
펀드,KRZ50250462B,한국투자적격TDF알아서2060증권자투자신탁UH[주식혼합-재간접형](C-Re),—,2024-12-27,∞,Y,미매칭,존재,한국투자적격TDF알아서2060증권자투자신탁UH(주식혼합-재간접형)(C-Re),일치(정규화),K55101DR7009,DR700,한국투자적격TDF알아서2060증권자투자신탁UH(주식혼합-재간접형)(C-Re),일치(정규화),matched,
펀드,KRZ50241480E,KB올에셋AI솔루션EMP증권자투자신탁(혼합-재간접형)(H)C-퇴직e,—,2025-01-22,∞,Y,미매칭,존재,KB 올에셋 AI 솔루션 EMP 증권 자투자신탁(혼합-재간접형)(H) C-퇴직e,일치(정규화),K55223CX6668,CX666,KB 올에셋 AI 솔루션 EMP 증권 자투자신탁(혼합-재간접형)(H) C-퇴직e,일치(정규화),matched,
펀드,KRZ50241481E,KB올에셋AI솔루션EMP증권자투자신탁(혼합-재간접형)(UH)C-퇴직e,—,2025-01-22,∞,Y,미매칭,존재,KB 올에셋 AI 솔루션 EMP 증권 자투자신탁(혼합-재간접형)(UH) C-퇴직e,일치(정규화),K55223CX6858,CX685,KB 올에셋 AI 솔루션 EMP 증권 자투자신탁(혼합-재간접형)(UH) C-퇴직e,일치(정규화),matched,
펀드,KRZ50251573B,신한마음편한적격TDF2055증권투자신탁[주식혼합-재간접형]C-re,—,2025-02-14,∞,Y,미매칭,존재,신한마음편한적격TDF2055증권투자신탁[주식혼합-재간접형](종류C-re),일치(정규화),K55210DT9761,DT976,신한마음편한적격TDF2055증권투자신탁[주식혼합-재간접형](종류C-re),일치(정규화),matched,
펀드,KRZ50260790B,신한마음편한적격TDF2060증권자투자신탁[주식혼합-재간접형]C-re,—,2025-02-14,∞,Y,미매칭,존재,신한마음편한적격TDF2060증권자투자신탁[주식혼합-재간접형](종류C-re),일치(정규화),K55210EF5863,EF586,신한마음편한적격TDF2060증권자투자신탁[주식혼합-재간접형](종류C-re),일치(정규화),matched,
펀드,KRZ50258394D,한화LIFEPLUS적격TDF2060증권자투자신탁(주식혼합-재간접형)C-RPe,—,2025-02-14,∞,Y,미매칭,존재,한화 LIFEPLUS 적격TDF 2060 증권 자투자신탁(주식혼합-재간접형) C-RPe(퇴직연금),일치(정규화),K55213EA1013,EA101,한화 LIFEPLUS 적격TDF 2060 증권 자투자신탁(주식혼합-재간접형) C-RPe(퇴직연금),일치(정규화),matched,
펀드,KRZ50259597B,미래에셋전략배분적격TDF2055혼합자산자투자신탁C-P2e,—,2025-02-14,∞,Y,미매칭,존재,미래에셋전략배분적격TDF2055혼합자산자투자신탁 종류C-P2e,일치(정규화),K55301EB2815,EB281,미래에셋전략배분적격TDF2055혼합자산자투자신탁종류C-P2e,일치(정규화),matched,
펀드,KRZ50259786E,KB다이나믹적격TDF2060증권자투자신탁(주식혼합-재간접형)C-퇴직e,—,2025-02-14,∞,Y,미매칭,존재,KB 다이나믹 적격TDF 2060 증권 자투자신탁(주식혼합-재간접형) C-퇴직e,일치(정규화),K55223EC8436,EC843,KB 다이나믹 적격TDF 2060 증권 자투자신탁(주식혼합-재간접형) C-퇴직e,일치(정규화),matched,
펀드,KRZ502520793,한국투자MySuper알아서성장형증권자투자신탁[혼합-재간접형]C-Re,—,2025-04-23,∞,Y,미매칭,존재,한국투자MySuper알아서성장형증권자투자신탁(혼합-재간접형)(C-Re),일치(정규화),K55101DV6872,DV687,한국투자MySuper알아서성장형증권자투자신탁(혼합-재간접형)(C-Re),일치(정규화),matched,
펀드,KRZ50227365G,삼성EMP리얼리턴증권자투자신탁UH[주식혼합-재간접형]Cpe,—,2025-05-21,∞,Y,미매칭,존재,삼성EMP리얼리턴증권자투자신탁UH[주식혼합-재간접형]_Cpe(퇴직),유사,K55105CF5301,CF530,삼성EMP리얼리턴증권자투자신탁UH[주식혼합-재간접형]_Cpe(퇴직),유사,matched,
펀드,KRZ50243229F,삼성밀당다람쥐글로벌EMP증권자투자신탁[주식혼합-재간접형]Cpe,—,2025-05-21,∞,Y,미매칭,존재,삼성밀당다람쥐글로벌EMP증권자투자신탁[주식혼합-재간접형]_Cpe(퇴직연금),일치(정규화),K55105DD3646,DD364,삼성밀당다람쥐글로벌EMP증권자투자신탁[주식혼합-재간접형]_Cpe(퇴직연금),일치(정규화),matched,
펀드,KRZ502459193,IBK로우코스트적격TDF2040증권자투자신탁[주식혼합-재간접형]C-Re,—,2025-06-20,∞,Y,미매칭,존재,IBK 로우코스트 적격 TDF 2040 증권자투자신탁[주식혼합-재간접형] C-Re,일치(정규화),K55234DF2822,DF282,IBK 로우코스트 적격 TDF 2040 증권자투자신탁[주식혼합-재간접형] 종류 C-Re,일치(정규화),matched_marker,Y
펀드,KRZ502459373,IBK로우코스트적격TDF2045증권자투자신탁[주식혼합-재간접형]C-Re,—,2025-06-20,∞,Y,미매칭,존재,IBK 로우코스트 적격 TDF 2045 증권자투자신탁[주식혼합-재간접형] C-Re,일치(정규화),K55234DF2988,DF298,IBK 로우코스트 적격 TDF 2045 증권자투자신탁[주식혼합-재간접형] 종류 C-Re,일치(정규화),matched_marker,Y
펀드,KRZ502459303,IBK로우코스트적격TDF2050증권자투자신탁[주식혼합-재간접형]C-Re,—,2025-06-20,∞,Y,미매칭,존재,IBK 로우코스트 적격 TDF 2050 증권자투자신탁[주식혼합-재간접형] C-Re,일치(정규화),K55234DF3150,DF315,IBK 로우코스트 적격 TDF 2050 증권자투자신탁[주식혼합-재간접형] 종류 C-Re,일치(정규화),matched_marker,Y
펀드,KRZ502632132,IBK로우코스트적격TDF2060증권자투자신탁[주식혼합-재간접형]C-Re,—,2025-06-20,∞,Y,미매칭,존재,IBK 로우코스트 적격 TDF 2060 증권자투자신탁[주식혼합-재간접형] 종류 C-Re,일치(정규화),K55234EB7246,EB724,IBK 로우코스트 적격 TDF 2060 증권자투자신탁[주식혼합-재간접형] 종류 C-Re,일치(정규화),matched,
펀드,KRZ502459313,IBK로우코스트적격TDF2055증권자투자신탁[주식혼합-재간접형]C-Re,—,2025-06-20,∞,Y,미매칭,존재,IBK 로우코스트 적격 TDF 2055 증권자투자신탁[주식혼합-재간접형] C-Re,일치(정규화),K55234DF3317,DF331,IBK 로우코스트 적격 TDF 2055 증권자투자신탁[주식혼합-재간접형] 종류 C-Re,일치(정규화),matched_marker,Y
펀드,KRZ50234181A,NH-Amundi하나로적격TDF2030증권투자신탁[주식혼합-재간접형]C-P2e,—,2025-08-13,∞,Y,미매칭,존재,NH-Amundi 하나로 적격 TDF 2030 증권투자신탁[주식혼합-재간접형] Class C-P2e(퇴직연금),일치(정규화),K55232CI3747,CI374,NH-Amundi 하나로 적격 TDF 2030 증권투자신탁[주식혼합-재간접형]Class C-P2e(퇴직연금),일치(정규화),matched,
펀드,KRZ50234186A,NH-Amundi하나로적격TDF2035증권투자신탁[주식혼합-재간접형]C-P2e,—,2025-08-13,∞,Y,미매칭,존재,NH-Amundi 하나로 적격 TDF 2035 증권투자신탁[주식혼합-재간접형] Class C-P2e(퇴직연금),일치(정규화),K55232CI3911,CI391,NH-Amundi 하나로 적격 TDF 2035 증권투자신탁[주식혼합-재간접형]Class C-P2e(퇴직연금),일치(정규화),matched,
펀드,KRZ50234189A,NH-Amundi하나로적격TDF2040증권투자신탁[주식혼합-재간접형]C-P2e,—,2025-08-13,∞,Y,미매칭,존재,NH-Amundi 하나로 적격 TDF 2040 증권투자신탁[주식혼합-재간접형] Class C-P2e(퇴직연금),일치(정규화),K55232CI4067,CI406,NH-Amundi 하나로 적격 TDF 2040 증권투자신탁[주식혼합-재간접형]Class C-P2e(퇴직연금),일치(정규화),matched,
펀드,KRZ50234191A,NH-Amundi하나로적격TDF2045증권투자신탁[주식혼합-재간접형]C-P2e,—,2025-08-13,∞,Y,미매칭,존재,NH-Amundi 하나로 적격 TDF 2045 증권투자신탁[주식혼합-재간접형] Class C-P2e(퇴직연금),일치(정규화),K55232CI4208,CI420,NH-Amundi 하나로 적격 TDF 2045 증권투자신탁[주식혼합-재간접형]Class C-P2e(퇴직연금),일치(정규화),matched,
펀드,KRZ50250418A,NH-Amundi하나로적격TDF2050증권투자신탁[주식혼합-재간접형]C-P2e,—,2025-08-13,∞,Y,미매칭,존재,NH-Amundi 하나로 적격 TDF 2050 증권투자신탁[주식혼합-재간접형]Class C-P2e(퇴직연금),일치(정규화),K55232D43705,D4370,NH-Amundi 하나로 적격 TDF 2050 증권투자신탁[주식혼합-재간접형] Class C-P2e(퇴직연금),일치(정규화),matched,
펀드,KRZ50250978A,NH-Amundi하나로적격TDF2055증권투자신탁[주식혼합-재간접형]C-P2e,—,2025-08-13,∞,Y,미매칭,존재,NH-Amundi 하나로 적격 TDF 2055 증권투자신탁[주식혼합-재간접형] Class C-P2e(퇴직연금),일치(정규화),K55232DS9758,DS975,NH-Amundi 하나로 적격 TDF 2055 증권투자신탁[주식혼합-재간접형] Class C-P2e(퇴직연금),일치(정규화),matched,
펀드,KRZ50212414B,미래에셋전략배분적격TDF2025혼합자산자투자신탁C-P2e,—,2017-10-26,∞,Y,미매칭,존재,미래에셋전략배분적격TDF2025혼합자산자투자신탁 종류C-P2e,일치(정규화),K55301BS2942,BS294,미래에셋전략배분적격TDF2025혼합자산자투자신탁종류C-P2e,일치(정규화),matched,
펀드,KRZ50116364H,하나글로벌리츠부동산자투자신탁[재간접형]C-P2E,—,2018-07-25,∞,Y,미매칭,존재,하나 글로벌리츠부동산자투자신탁 [재간접형] 종류C-P2E,일치(정규화),K55102BT6570,BT657,하나글로벌리츠부동산자투자신탁[재간접형]ClassC-P2E,일치(정규화),matched_marker,Y
펀드,KRZ50243472B,한화K리츠플러스부동산자투자신탁(H)(리츠-재간접형)C-RPe,—,2021-06-04,∞,Y,미매칭,존재,한화K리츠플러스부동산 자투자신탁(H)(리츠-재간접형) C-RPe(퇴직연금),일치(정규화),K55213DA8043,DA804,한화K리츠플러스부동산 자투자신탁(H)(리츠-재간접형) C-RPe(퇴직연금),일치(정규화),matched,
펀드,KRZ50239584F,삼성누버거버먼미국리츠부동산자투자신탁H[REITs-재간접형]Cpe,—,2021-12-13,∞,Y,미매칭,존재,삼성누버거버먼미국리츠부동산자투자신탁H[REITs-재간접형]_Cpe(퇴직),유사,K55105DJ9365,DJ936,삼성누버거버먼미국리츠부동산자투자신탁H[REITs-재간접형]_Cpe(퇴직),유사,matched,
펀드,KRZ502483132,한국투자OCIO알아서증권자투자신탁(채권혼합-재간접형)C-Re,—,2021-11-03,∞,Y,미매칭,존재,한국투자OCIO알아서증권자투자신탁(채권혼합-재간접형)(C-Re),일치(정규화),K55101DN1022,DN102,한국투자OCIO알아서증권자투자신탁(채권혼합-재간접형)(C-Re),일치(정규화),matched,
펀드,KRZ50204839E,삼성글로벌액티브적격TDF2025증권투자신탁H[채권혼합-재간접형]_Cpe(퇴직연금),—,2018-04-25,∞,Y,미매칭,존재,삼성 글로벌액티브 적격TDF 2025 증권투자신탁H[채권혼합-재간접형]_Cpe(퇴직연금),일치(정규화),K55105BU1062,BU106,삼성 글로벌액티브 적격TDF 2025 증권투자신탁H[채권혼합-재간접형]_Cpe(퇴직연금),일치(정규화),matched,
펀드,KRZ50211855F,한국투자TDF알아서2020증권자투자신탁(채권혼합-재간접형)(C-Re),—,2018-05-18,∞,Y,미매칭,존재,한국투자TDF알아서2020증권자투자신탁(채권혼합-재간접형) 종류 C-Re,일치(정규화),K55101BT7314,BT731,한국투자TDF알아서2020증권자투자신탁(채권혼합-재간접형)(C-Re),일치(정규화),matched_marker,Y
펀드,KRZ50211857F,한국투자적격TDF알아서2025증권투자신탁[채권혼합-재간접형](C-Re),—,2018-05-18,∞,Y,미매칭,존재,한국투자적격TDF알아서2025증권투자신탁(채권혼합-재간접형) 종류 C-Re,일치(정규화),K55101BT7355,BT735,한국투자적격TDF알아서2025증권투자신탁(채권혼합-재간접형)(C-Re),일치(정규화),matched_marker,Y
펀드,KRZ50224310A,키움키워드림적격TDF2025증권투자신탁제1호[채권혼합-재간접형]C-P2e,—,2018-08-16,∞,Y,미매칭,존재,키움키워드림적격TDF2025증권투자신탁제1호[채권혼합-재간접형] Class C-P2e(퇴직연금),일치(정규화),K55206C95636,C9563,키움키워드림적격TDF2025증권투자신탁제1호[채권혼합-재간접형] C-P2e(퇴직연금),일치(정규화),matched_marker,Y
펀드,KRZ50215567E,신한마음편한적격TDF2025증권투자신탁[채권혼합-재간접형](C-re),—,2019-12-18,∞,Y,미매칭,존재,신한마음편한적격TDF2025증권투자신탁[채권혼합-재간접형](종류C-re),일치(정규화),K55210BU2351,BU235,신한마음편한적격TDF2025증권투자신탁[채권혼합-재간접형](종류C-re),일치(정규화),matched,
펀드,KRZ50233758A,교보악사평생든든적격TDF2025증권자투자신탁(채권혼합-재간접형)C-Re,—,2020-04-08,∞,Y,미매칭,존재,교보악사 평생든든 적격TDF 2025증권자투자신탁(채권혼합-재간접형) Class C-Re(퇴직연금),일치(정규화),K55207CP5512,CP551,교보악사 평생든든 적격TDF 2025증권자투자신탁(채권혼합-재간접형) Class C-Re(퇴직연금),일치(정규화),matched,
펀드,KRZ50243625B,KCGI프리덤적격TDF2030증권자투자신탁[채권혼합-재간접형]C-Pe2,—,2021-04-05,∞,Y,미매칭,존재,KCGI프리덤적격TDF2030증권자투자신탁[채권혼합-재간접형]종류C-Pe2,일치(정규화),K55365DA5417,DA541,KCGI프리덤적격TDF2030증권자투자신탁[채권혼합-재간접형]종류C-Pe2,일치(정규화),matched,
펀드,KRZ50221848C,한화LIFEPLUS적격TDF2025증권자투자신탁(채권혼합-재간접형)C-RPe,—,2022-03-04,∞,Y,미매칭,존재,한화 LIFEPLUS 적격TDF 2025 증권 자투자신탁(채권혼합-재간접형) 종류 C-RPe(퇴직연금),일치(정규화),K55213C51288,C5128,한화 LIFEPLUS 적격TDF 2025 증권 자투자신탁(채권혼합-재간접형) 종류 C-RPE(퇴직연금),일치(정규화),matched_loose,Y
펀드,KRZ502459173,IBK로우코스트적격TDF2030증권자투자신탁[채권혼합-재간접형]C-Re,—,2025-06-20,∞,Y,미매칭,존재,IBK 로우코스트 적격 TDF 2030 증권자투자신탁[채권혼합-재간접형] C-Re,일치(정규화),K55234DF2657,DF265,IBK 로우코스트 적격 TDF 2030 증권자투자신탁[채권혼합-재간접형] 종류 C-Re,일치(정규화),matched_marker,Y
펀드,KRZ502459183,IBK로우코스트적격TDF2035증권자투자신탁[채권혼합-재간접형]C-Re,—,2025-06-20,∞,Y,미매칭,존재,IBK 로우코스트 적격 TDF 2035 증권자투자신탁[채권혼합-재간접형] C-Re,일치(정규화),K55234DF2459,DF245,IBK 로우코스트 적격 TDF 2035 증권자투자신탁[채권혼합-재간접형] 종류 C-Re,일치(정규화),matched_marker,Y
펀드,KRZ501753653,미래에셋퇴직연금베스트펀드컬렉션증권자투자신탁1(채권혼합-재간접형)C-P2e,—,2018-03-29,∞,Y,미매칭,존재,미래에셋퇴직연금베스트펀드컬렉션증권자투자신탁1호(채권혼합-재간접형)종류C-P2e,유사,K55301BU2963,BU296,미래에셋퇴직연금베스트펀드컬렉션증권자투자신탁1호(채권혼합-재간접형)종류C-P2e,유사,matched,
펀드,KRZ501327873,베어링퇴직연금배당40증권자투자신탁1(채권혼합)Ce,—,2018-03-29,∞,Y,미매칭,존재,베어링 퇴직연금 배당40 증권 자투자신탁 1호(채권혼합) Class Ce,유사,K55302BU7532,BU753,베어링퇴직연금배당40증권자투자신탁1호(채권혼합)ClassCe,유사,matched,
펀드,KRZ501212383,한국투자퇴직연금한국의힘40증권자투자신탁1호(채권혼합)C-e,—,2018-04-23,∞,Y,미매칭,존재,한국투자퇴직연금한국의힘40증권자투자신탁1호(채권혼합) C-e 클래스,일치(정규화),K55101BT5607,BT560,한국투자퇴직연금한국의힘40증권자투자신탁1호(채권혼합)(C-e),일치(정규화),matched_marker,Y
펀드,KRZ50211838F,한국투자TDF알아서2015증권투자신탁[채권혼합-재간접형](C-Re),—,2018-04-23,∞,Y,미매칭,존재,한국투자TDF알아서2015증권투자신탁(채권혼합-재간접형) 종류 C-Re,일치(정규화),K55101BT7439,BT743,한국투자TDF알아서2015증권투자신탁(채권혼합-재간접형)(C-Re),일치(정규화),matched_marker,Y
펀드,KRZ50204840E,삼성글로벌액티브TDF2020증권투자신탁H[채권혼합-재간접형]_Cpe(퇴직연금),—,2018-04-25,∞,Y,미매칭,존재,삼성 글로벌액티브 TDF 2020 증권투자신탁H[채권혼합-재간접형]_Cpe(퇴직연금),일치(정규화),K55105BU1146,BU114,삼성 글로벌액티브 TDF 2020 증권투자신탁H[채권혼합-재간접형]_Cpe(퇴직연금),일치(정규화),matched,
펀드,KRZ501204213,KB퇴직연금배당40증권자투자신탁(채권혼합)C-E,—,2018-06-20,∞,Y,미매칭,존재,KB 퇴직연금 배당40 증권 자투자신탁(채권혼합) C-E,일치(정규화),K55223BU8650,BU865,KB 퇴직연금 배당40 증권 자투자신탁(채권혼합) C-E,일치(정규화),matched,
펀드,KRZ501729083,미래에셋퇴직플랜글로벌그레이트컨슈머40증권자투자신탁1호(채권혼합)C-P2e,—,2018-06-25,∞,Y,미매칭,존재,미래에셋퇴직플랜 글로벌그레이트컨슈머40증권자투자신탁1호(채권혼합)종류C-P2e,일치(정규화),K55301BU3003,BU300,미래에셋퇴직플랜글로벌그레이트컨슈머40증권자투자신탁1호(채권혼합) 종류C-P2e,일치(정규화),matched,
펀드,KRZ50193746B,마이다스단기국공채공모주증권투자신탁1(채권혼합)C-Pe2,—,2018-06-29,∞,Y,미매칭,존재,마이다스 단기국공채 공모주 증권 투자신탁 제1호(채권혼합) C-Pe2클래스,유사,K55303BU3803,BU380,마이다스 단기국공채 공모주 증권 투자신탁 제1호(채권혼합)C-Pe2,유사,matched_marker,Y
펀드,KRZ50193052A,IBK단기국공채공모주증권자투자신탁1호[채권혼합]C-Pe,—,2018-07-16,∞,Y,미매칭,존재,IBK 단기 국공채 공모주 증권 자투자신탁 1호[채권혼합] Class C-Pe,일치(정규화),K55234BX9603,BX960,IBK 단기 국공채 공모주 증권 자투자신탁 1호[채권혼합] 종류 C-Pe,일치(정규화),matched_marker,Y
펀드,KRZ501215054,한국투자퇴직연금롱텀밸류40증권자투자신탁1(채권혼합)C-e,—,2018-07-24,∞,Y,미매칭,존재,한국투자퇴직연금롱텀밸류40증권자투자신탁1호(채권혼합)(C-e),유사,K55101BT5615,BT561,한국투자퇴직연금롱텀밸류40증권자투자신탁1호(채권혼합)(C)(C-e),유사,matched_manual,Y
펀드,KRZ501203813,한국투자퇴직연금마이스터40증권자투자신탁1(채권혼합)C-e,—,2018-07-24,∞,Y,미매칭,존재,한국투자퇴직연금마이스터40증권자투자신탁1호(채권혼합) C-e 클래스,유사,K55101BT5672,BT567,한국투자퇴직연금마이스터40증권자투자신탁1호(채권혼합)(C-e),유사,matched_marker,Y
펀드,KRZ501206942,한국투자퇴직연금인덱스40증권자투자신탁1[채권혼합]C-e,—,2018-07-24,∞,Y,미매칭,존재,한국투자퇴직연금인덱스40증권자투자신탁1호(채권혼합) 종류 C-e,유사,K55101BT5771,BT577,한국투자퇴직연금인덱스40증권자투자신탁1호(채권혼합)(C-e),유사,matched_marker,Y
펀드,KRZ50200869C,트러스톤장기고배당40증권자투자신탁[채권혼합]Cp2-E,—,2018-07-25,∞,Y,미매칭,존재,트러스톤장기고배당40증권자투자신탁[채권혼합] Cp2-E클래스,일치(정규화),K55363BU1275,BU127,트러스톤장기고배당40증권자투자신탁[채권혼합]Cp2-E클래스,일치(정규화),matched,
펀드,KRZ501877483,트러스톤다이나믹코리아30퇴직연금증권자투자신탁[채권혼합]Ce,—,2018-07-26,∞,Y,미매칭,존재,트러스톤다이나믹코리아30퇴직연금증권자투자신탁[채권혼합] Ce클래스,일치(정규화),K55363BU1267,BU126,트러스톤다이나믹코리아30퇴직연금증권자투자신탁[채권혼합]Ce클래스,일치(정규화),matched,
펀드,KRZ501449642,브이아이퇴직연금굿초이스40증권자투자신탁1호[채권혼합]C-Pe,—,2018-07-27,∞,Y,미매칭,존재,브이아이 퇴직연금 굿초이스 40 증권 자투자신탁 1호[채권혼합] C-Pe,일치(정규화),K55104BW3216,BW321,브이아이 퇴직연금 굿초이스 40 증권 자투자신탁 1호[채권혼합] C-Pe,일치(정규화),matched,
펀드,KRZ501205103,신영퇴직연금가치40증권자투자신탁(채권혼합)C-E,—,2018-07-30,∞,Y,미매칭,존재,신영퇴직연금가치40 증권 자투자신탁(채권혼합) C-E형,유사,K55209BT8974,BT897,신영퇴직연금가치40증권자투자신탁(채권혼합) C-E형,유사,matched,
펀드,KRZ501208423,마이다스퇴직연금배당40증권자투자신탁1(채권혼합)Ce,—,2018-08-01,∞,Y,미매칭,존재,마이다스 퇴직연금 배당 40 증권 자투자신탁 1호(채권혼합) Ce클래스,유사,K55303BT4226,BT422,마이다스퇴직연금배당40증권자투자신탁1호(채권혼합)Ce,유사,matched_marker,Y
펀드,KRZ501244492,우리퇴직연금가치40증권자투자신탁1호(채권혼합)C-e,—,2018-08-01,∞,Y,미매칭,존재,우리퇴직연금가치40증권자투자신탁1호(채권혼합)ClassC-e,일치(정규화),K55107BU7851,BU785,우리퇴직연금가치40증권자투자신탁1호(채권혼합)ClassC-e,일치(정규화),matched,
펀드,KRZ501894844,KCGI코리아퇴직연금증권자투자신탁[채권혼합]C-Pe2,—,2018-08-13,∞,Y,미매칭,존재,KCGI코리아퇴직연금증권자투자신탁[채권혼합]종류C-Pe2,일치(정규화),K55365BT3041,BT304,KCGI코리아퇴직연금증권자투자신탁[채권혼합]종류C-Pe2,일치(정규화),matched,
펀드,KRZ50180055C,미래에셋배당과인컴증권자투자신탁(채권혼합)C-P2e,—,2018-08-23,∞,Y,미매칭,존재,미래에셋배당과인컴증권자투자신탁(채권혼합) 종류C-P2e,일치(정규화),K55301BW0718,BW071,미래에셋배당과인컴증권자투자신탁(채권혼합)종류C-P2e,일치(정규화),matched,
펀드,KRZ501880333,미래에셋퇴직연금스마트롱숏30증권자투자신탁1호(채권혼합)C-P2e,—,2018-08-23,∞,Y,미매칭,존재,미래에셋퇴직연금스마트롱숏30증권자투자신탁1호(채권혼합)종류C-P2e,일치(정규화),K55301BU3425,BU342,미래에셋퇴직연금스마트롱숏30증권자투자신탁1호(채권혼합) 종류C-P2e,일치(정규화),matched,
펀드,KRZ501206293,미래에셋퇴직플랜40증권자투자신탁1(채권혼합)C-P2e,—,2018-08-23,∞,Y,미매칭,존재,미래에셋퇴직플랜40증권자투자신탁1호(채권혼합) 종류 C-P2e,유사,K55301BU2989,BU298,미래에셋퇴직플랜40증권자투자신탁1호(채권혼합)종류C-P2e,유사,matched,
펀드,KRZ501320842,미래에셋퇴직플랜아시아퍼시픽40증권자투자신탁1호(채권혼합)C-P2e,—,2018-08-27,∞,Y,미매칭,존재,미래에셋퇴직플랜아시아퍼시픽40증권자투자신탁1호(채권혼합)종류C-P2e,일치(정규화),K55301BU3474,BU347,미래에셋퇴직플랜아시아퍼시픽40증권자투자신탁1호(채권혼합) 종류C-P2e,일치(정규화),matched,
펀드,KRZ50198582B,칸서스튼튼채권탄탄공모주증권투자신탁1호(채권혼합)C-pe,—,2018-09-21,∞,Y,미매칭,존재,칸서스튼튼채권탄탄공모주증권투자신탁1호(채권혼합) Class C-pe,일치(정규화),K55233BU2099,BU209,칸서스튼튼채권탄탄공모주증권투자신탁1호(채권혼합) Class C-pe,일치(정규화),matched,
펀드,KRZ501204932,삼성퇴직연금코리아대표채권혼합증권자투자신탁1[채권혼합]Ce,—,2018-09-21,∞,Y,미매칭,존재,삼성퇴직연금코리아대표채권혼합증권자투자신탁 제1호[채권혼합]_Ce,유사,K55105BU7614,BU761,삼성퇴직연금코리아대표채권혼합증권자투자신탁 제1호[채권혼합]_Ce,유사,matched,
펀드,KRZ501205042,삼성퇴직연금패시브배당안정40증권자투자신탁제1호[채권혼합]Ce,—,2018-09-21,∞,Y,미매칭,존재,삼성퇴직연금패시브배당안정40증권자투자신탁 제1호[채권혼합]_Ce,일치(정규화),K55105BV6763,BV676,삼성퇴직연금패시브배당안정40증권자투자신탁 제1호[채권혼합]_Ce,일치(정규화),matched,
펀드,KRZ501760093,삼성퇴직연금코리아중소형채권혼합증권자투자신탁1[채권혼합]Ce,—,2018-09-21,∞,Y,미매칭,존재,삼성퇴직연금코리아중소형채권혼합증권자투자신탁제1호[채권혼합]_Ce,유사,K55105BT7773,BT777,삼성퇴직연금코리아중소형채권혼합증권자투자신탁제1호[채권혼합]_Ce,유사,matched,
펀드,KRZ50204673E,키움디딤더높이EMP증권투자신탁[채권혼합-재간접형]C-P2e,—,2018-09-21,∞,Y,미매칭,존재,키움디딤더높이EMP증권투자신탁[채권혼합-재간접형] Class C-P2e(퇴직연금),일치(정규화),K55206BV7827,BV782,키움디딤더높이EMP증권투자신탁[채권혼합-재간접형]C-P2e(퇴직연금),일치(정규화),matched_marker,Y
펀드,KRZ50204507G,피델리티글로벌배당인컴40증권자투자신탁(채권혼합-재간접형)CP-e,—,2018-09-27,∞,Y,미매칭,존재,피델리티 글로벌 배당 인컴 40 증권 자투자신탁 (채권혼합-재간접형) 종류 CP-e,일치(정규화),K55235BW6906,BW690,피델리티글로벌배당인컴40증권자투자신탁(채권혼합-재간접형)종류CP-e,일치(정규화),matched,
펀드,KRZ502047236,카디안유러피언리더스40증권자투자신탁(H)[채권혼합]C-P(퇴직연금)E,—,2018-11-21,∞,Y,미매칭,존재,카디안 유러피언리더스40증권자투자신탁(H)[채권혼합]클래스C-P(퇴직연금)E,일치(정규화),K55229BT3732,BT373,카디안 유러피언리더스40증권자투자신탁(H)[채권혼합] 클래스C-P(퇴직연금)E,일치(정규화),matched,
펀드,KRZ502147407,삼성평생소득TIF20증권자투자신탁H[채권혼합-재간접형]_Cpe(퇴직연금),—,2018-11-22,∞,Y,미매칭,존재,삼성평생소득TIF20증권자투자신탁H[채권혼합-재간접형]_Cpe(퇴직연금),일치(정규화),K55105BU3316,BU331,삼성평생소득TIF20증권자투자신탁H[채권혼합-재간접형]_Cpe(퇴직연금),일치(정규화),matched,
펀드,KRZ502147457,삼성평생소득TIF40증권자투자신탁H[채권혼합-재간접형]_Cpe(퇴직연금),—,2018-11-22,∞,Y,미매칭,존재,삼성평생소득TIF40증권자투자신탁H[채권혼합-재간접형]_Cpe(퇴직연금),일치(정규화),K55105BU3332,BU333,삼성평생소득TIF40증권자투자신탁H[채권혼합-재간접형]_Cpe(퇴직연금),일치(정규화),matched,
펀드,KRZ50189052F,피델리티글로벌멀티에셋인컴증권자투자신탁(채권혼합-재간접형)CP-e,—,2019-04-26,∞,Y,미매칭,존재,피델리티 글로벌 멀티에셋 인컴 증권 자투자신탁(채권혼합-재간접형)종류 CP-e,일치(정규화),K55235BU7351,BU735,피델리티글로벌멀티에셋인컴증권자투자신탁(채권혼합-재간접형)종류CP-e,일치(정규화),matched,
펀드,KRZ502124126,미래에셋평생소득TIF혼합자산자투자신탁C-P2e,—,2019-06-21,∞,Y,미매칭,존재,미래에셋평생소득TIF혼합자산자투자신탁 종류C-P2e,일치(정규화),K55301BU5453,BU545,미래에셋평생소득TIF혼합자산자투자신탁종류C-P2e,일치(정규화),matched,
펀드,KRZ50215423A,트러스톤디딤백년50EMP자산배분증권자투자신탁[채권혼합-재간접형]Cp2-E,—,2019-11-12,∞,Y,미매칭,존재,트러스톤 디딤 백년50 EMP 자산배분증권자투자신탁[채권혼합-재간접형] Cp2-E클래스,일치(정규화),K55363BU1309,BU130,트러스톤디딤백년50EMP자산배분증권자투자신탁[채권혼합-재간접형]CP2-E클래스,일치(정규화),matched_loose,Y
펀드,KRZ50239351B,신한삼성전자알파증권자투자신탁제1호[채권혼합]C-re,—,2020-10-20,∞,Y,미매칭,존재,신한삼성전자알파증권자투자신탁제1호[채권혼합](종류C-re),일치(정규화),K55210CY1028,CY102,신한삼성전자알파증권자투자신탁제1호[채권혼합](종류C-re),일치(정규화),matched,
펀드,KRZ50207012E,에셋플러스글로벌리치투게더40증권자투자신탁1호[채권혼합]C-P2e,—,2020-12-07,∞,Y,미매칭,존재,에셋플러스 글로벌 리치투게더 40 증권 자투자신탁1호[채권혼합]종류C-P2e,일치(정규화),K55364BV4145,BV414,에셋플러스 글로벌 리치투게더 40 증권 자투자신탁1호[채권혼합]종류C-P2e,일치(정규화),matched,
펀드,KRZ50207011E,에셋플러스차이나리치투게더40증권자투자신탁1호[채권혼합]C-P2e,—,2020-12-07,∞,Y,미매칭,존재,에셋플러스차이나리치투게더40증권자투자신탁1호[채권혼합]종류C-P2e,일치(정규화),K55364BV4095,BV409,에셋플러스 차이나 리치투게더 40 증권 자투자신탁1호[채권혼합]종류C-P2e,일치(정규화),matched,
펀드,KRZ50133947C,우리중소형고배당30증권투자신탁1호(채권혼합)C-Pe,—,2020-12-28,∞,Y,미매칭,존재,우리중소형고배당30증권투자신탁1호(채권혼합) Class C-Pe,일치(정규화),K55107CA9785,CA978,우리중소형고배당30증권투자신탁1호(채권혼합)ClassC-Pe,일치(정규화),matched,
펀드,KRZ50192275F,다올배당플러스찬스증권투자신탁[채권혼합]CPe,—,2020-12-28,∞,Y,미매칭,존재,다올배당플러스찬스증권투자신탁[채권혼합] 종류CPe,일치(정규화),K55306DB1854,DB185,다올배당플러스찬스증권투자신탁[채권혼합] 종류CPe,일치(정규화),matched,
펀드,KRZ50243626B,KCGI디딤프리덤평생소득TIF증권자투자신탁[채권혼합-재간접형]C-Pe2,—,2021-04-05,∞,Y,미매칭,존재,KCGI디딤프리덤평생소득TIF증권자투자신탁[채권혼합-재간접형]종류C-Pe2,일치(정규화),K55365DA5706,DA570,KCGI디딤프리덤평생소득TIF증권자투자신탁[채권혼합-재간접형]종류C-Pe2,일치(정규화),matched,
펀드,KRZ50246744B,우리반도체BIG2플러스증권투자신탁(채권혼합)C-Pe,—,2021-07-05,∞,Y,미매칭,존재,우리반도체BIG2플러스증권투자신탁(채권혼합)ClassC-Pe,일치(정규화),K55107DJ4737,DJ473,우리반도체BIG2플러스증권투자신탁(채권혼합)ClassC-Pe,일치(정규화),matched,
펀드,KRZ50240934A,교보악사삼성전자투게더증권투자신탁[채권혼합]C-Re,—,2021-07-05,∞,Y,미매칭,존재,교보악사삼성전자투게더증권투자신탁[채권혼합]ClassC-Re(퇴직연금),일치(정규화),K55207D44283,D4428,교보악사삼성전자투게더증권투자신탁[채권혼합]ClassC-Re(퇴직연금),일치(정규화),matched,
펀드,KRZ501984059,우리공모주10증권투자신탁(채권혼합)Pe1,—,2021-07-05,∞,Y,미매칭,존재,우리 공모주10 증권 투자신탁[채권혼합] Pe1,일치(정규화),K55228BT5548,BT554,우리 공모주10 증권 투자신탁[채권혼합] Pe1,일치(정규화),matched,
펀드,KRZ502359482,삼성퇴직연금OCIO솔루션밸런스증권투자신탁[채권혼합-재간접형]Ce,—,2021-07-29,∞,Y,미매칭,존재,삼성퇴직연금OCIO솔루션밸런스증권투자신탁[채권혼합-재간접형]_Ce,일치(정규화),K55105CT3680,CT368,삼성퇴직연금OCIO솔루션밸런스증권투자신탁[채권혼합-재간접형]_Ce,일치(정규화),matched,
펀드,KRZ50247377B,한국투자미국배당귀족증권자투자신탁(채권혼합)C-Re,—,2021-10-08,∞,Y,미매칭,존재,한국투자미국배당귀족증권자투자신탁(채권혼합)(C-Re),일치(정규화),K55101DK3112,DK311,한국투자미국배당귀족증권자투자신탁(채권혼합)(C-Re),일치(정규화),matched,
펀드,KRZ502466572,미래에셋OCIO-DB표준형증권자투자신탁(채권혼합)C-P2e,—,2021-11-03,∞,Y,미매칭,존재,미래에셋OCIO-DB표준형증권자투자신탁(채권혼합) 종류C-P2e,일치(정규화),K55301DI5291,DI529,미래에셋OCIO-DB표준형증권자투자신탁(채권혼합)종류C-P2e,일치(정규화),matched,
펀드,KRZ50114475B,우리뱅크플러스공모주10증권자투자신탁2호(채권혼합)C-Pe,—,2021-12-22,∞,Y,미매칭,존재,우리뱅크플러스공모주10증권자투자신탁2호(채권혼합) Class C-Pe,일치(정규화),K55107BU0195,BU019,우리뱅크플러스공모주10증권자투자신탁2호(채권혼합)ClassC-Pe,일치(정규화),matched,
펀드,KRZ50251020C,우리다같이OCIO타겟리턴증권자투자신탁(채권혼합-재간접형)C-Pe,—,2022-05-10,∞,Y,미매칭,존재,우리다같이OCIO타겟리턴증권자투자신탁(채권혼합-재간접형)ClassC-Pe,일치(정규화),K55107DT5666,DT566,우리다같이OCIO타겟리턴증권자투자신탁(채권혼합-재간접형)ClassC-Pe,일치(정규화),matched,
펀드,KRZ50228603D,미래에셋단기채알파증권자투자신탁(채권혼합)C-P2e,—,2022-07-04,∞,Y,미매칭,존재,미래에셋단기채알파증권자투자신탁(채권혼합) 종류C-P2e,일치(정규화),K55301CH3264,CH326,미래에셋단기채알파증권자투자신탁(채권혼합)종류C-P2e,일치(정규화),matched,
펀드,KRZ50250702B,유진디딤플레인바닐라OCIO증권자투자신탁(혼합-재간접형)C-Re,—,2022-07-11,∞,Y,미매칭,존재,유진디딤플레인바닐라OCIO증권자투자신탁(혼합-재간접형) Class C-Re,일치(정규화),K55214DT2382,DT238,유진디딤플레인바닐라OCIO증권자투자신탁(혼합-재간접형) Class C-Re,일치(정규화),matched,
펀드,KRZ50251162C,신한TRF안정형OCIO솔루션증권투자신탁[혼합-재간접형]C-re,—,2022-08-10,∞,Y,미매칭,존재,신한TRF안정형OCIO솔루션증권투자신탁[혼합-재간접형](종류C-re),일치(정규화),K55210DT2048,DT204,신한TRF안정형OCIO솔루션증권투자신탁[혼합-재간접형](종류C-re),일치(정규화),matched,
펀드,KRZ50208333B,미래에셋글로벌솔루션40증권자투자신탁1호(채권혼합)C-P2e,—,2022-09-30,∞,Y,미매칭,존재,미래에셋글로벌솔루션40증권자투자신탁1호(채권혼합)종류C-P2e,일치(정규화),K55301BU2997,BU299,미래에셋글로벌솔루션40증권자투자신탁1호(채권혼합)종류C-P2e,일치(정규화),matched,
펀드,KRZ50201782D,HDC디딤모아주고막아주는증권투자신탁1호(채권혼합)C-Pe,—,2022-11-30,∞,Y,미매칭,존재,HDC 디딤 모아주고 막아주는 증권투자신탁1호(채권혼합) Class C-Pe,일치(정규화),K55226BZ7878,BZ787,HDC디딤모아주고막아주는증권투자신탁1호(채권혼합) Class C-Pe,일치(정규화),matched,
펀드,KRZ50245754B,유리글로벌Top10주식과단기채증권자투자신탁(채권혼합)C-P1e,—,2022-11-30,∞,Y,미매칭,존재,유리글로벌Top10주식과단기채증권자투자신탁[채권혼합] C-P1e,일치(정규화),K55307DH1634,DH163,유리글로벌Top10주식과단기채증권자투자신탁[채권혼합]_Class C-P1e,일치(정규화),matched_marker,Y
펀드,KRZ50198850D,우리국공채중소형고배당20증권자투자신탁1호(채권혼합)C-Pe,—,2023-06-29,∞,Y,미매칭,존재,우리국공채중소형고배당20증권자투자신탁1호(채권혼합)ClassC-Pe,일치(정규화),K55107CB7689,CB768,우리국공채중소형고배당20증권자투자신탁1호(채권혼합)ClassC-Pe,일치(정규화),matched,
펀드,KRZ50259946A,우리미국단기채공모주증권자투자신탁1호(UH)(채권혼합)C-Pe,—,2024-08-08,∞,Y,미매칭,존재,우리미국단기채공모주증권자투자신탁1호(UH)(채권혼합)ClassC-Pe,일치(정규화),K55107ED5960,ED596,우리미국단기채공모주증권자투자신탁1호(UH)(채권혼합)ClassC-Pe,일치(정규화),matched,
펀드,KRZ50259944A,우리미국단기채공모주증권자투자신탁1호(H)(채권혼합)C-Pe,—,2024-08-08,∞,Y,미매칭,존재,우리미국단기채공모주증권자투자신탁1호(H)(채권혼합)ClassC-Pe,일치(정규화),K55107ED5754,ED575,우리미국단기채공모주증권자투자신탁1호(H)(채권혼합)ClassC-Pe,일치(정규화),matched,
펀드,KRZ50259787D,다올내일출금초단기채공모주증권투자신탁[채권혼합]CPe,—,2024-09-06,∞,Y,미매칭,존재,다올내일출금초단기채공모주증권투자신탁[채권혼합] 종류CPe,일치(정규화),K55306ED2867,ED286,다올내일출금초단기채공모주증권투자신탁[채권혼합] 종류CPe,일치(정규화),matched,
펀드,KRZ50260406B,우리디딤미국테크와바이오증권자투자신탁[채권혼합-재간접형]C-Pe,—,2024-09-30,∞,Y,미매칭,존재,우리디딤미국테크와바이오증권자투자신탁[채권혼합-재간접형]ClassC-Pe,일치(정규화),K55107EE9581,EE958,우리디딤미국테크와바이오증권자투자신탁[채권혼합-재간접형]ClassC-Pe,일치(정규화),matched,
펀드,KRZ501213113,신영퇴직연금배당40증권자투자신탁(채권혼합)C-E,—,2024-11-29,∞,Y,미매칭,존재,신영퇴직연금배당40 증권 자투자신탁(채권혼합) C-E형,유사,K55209BT8982,BT898,신영퇴직연금배당40증권자투자신탁(채권혼합) C-E형,유사,matched,
펀드,KRZ501628763,트러스톤장기성장40퇴직연금증권자투자신탁[채권혼합]Ce,—,2024-11-29,∞,Y,미매칭,존재,트러스톤 장기성장40 퇴직연금 증권자투자신탁[채권혼합] Ce클래스,일치(정규화),K55363BT4686,BT468,트러스톤장기성장40퇴직연금증권자투자신탁[채권혼합]Ce클래스,일치(정규화),matched,
펀드,KRZ50262090C,우리미국부자따라하기EMP증권자투자신탁(H)[채권혼합-재간접형]C-Pe,—,2025-03-24,∞,Y,미매칭,존재,우리미국부자따라하기EMP증권자투자신탁(H)[채권혼합-재간접형] Class C-Pe,일치(정규화),K55107EI3432,EI343,우리미국부자따라하기EMP증권자투자신탁(H)[채권혼합-재간접형] Class C-Pe,일치(정규화),matched,
펀드,KRZ50262110C,우리미국부자따라하기EMP증권자투자신탁(UH)[채권혼합-재간접형]C-Pe,—,2025-03-24,∞,Y,미매칭,존재,우리미국부자따라하기EMP증권자투자신탁(UH)[채권혼합-재간접형] Class C-Pe,일치(정규화),K55107EI3713,EI371,우리미국부자따라하기EMP증권자투자신탁(UH)[채권혼합-재간접형] Class C-Pe,일치(정규화),matched,
펀드,KRZ502520803,한국투자MySuper알아서안정형증권자투자신탁[채권혼합-재간접형]C-Re,—,2025-04-23,∞,Y,미매칭,존재,한국투자MySuper알아서안정형증권자투자신탁(채권혼합-재간접형)(C-Re),일치(정규화),K55101DV7037,DV703,한국투자MySuper알아서안정형증권자투자신탁(채권혼합-재간접형)(C-Re),일치(정규화),matched,
펀드,KRZ50263975C,우리외국인따라하기40증권자투자신탁[채권혼합-재간접형]C-Pe,—,2025-09-30,∞,Y,미매칭,존재,우리외국인따라하기40증권자투자신탁[채권혼합-재간접형] Class C-Pe,일치(정규화),K55107EN9242,EN924,우리외국인따라하기40증권자투자신탁[채권혼합-재간접형] Class C-Pe,일치(정규화),matched,
펀드,KRZ50266225A,유리삼전닉스전성시대증권투자신탁[채권혼합]C-P1e,—,2026-04-20,∞,Y,미매칭,존재,유리삼전닉스전성시대증권투자신탁[채권혼합] C-P1e,일치(정규화),K55307ET2579,ET257,유리삼전닉스전성시대증권투자신탁[채권혼합] C-P1e,일치(정규화),matched,
펀드,B02090005001,현금성자산(고유계정대),—,1900-01-01,∞,Y,미매칭,펀드코드아님,,,,,,,,
펀드,KRZ50260879E,,,,,,,,,,K55223EG1916,,,,,
펀드,KRZ50266364D,,,,,,,,,,K55213EU2314,,,,,
